IdCliente,Nombre,Apellido,Correo,Telefono,Ciudad,Estado,Pais,Activo,FechaRegistro
632,fernando,López,fernando.lopez632@ventas.net,7225340597,Toluca,Estado de México,México,1,ABC
641,fernando,DÍAZ,fernando.diaz641@empresa.com,7228074002,Puebla,Puebla,México,1,04/12/2022
433,Ángel,castillo,angel.castillo433@ventas.net,7225482849,Monterrey,Nuevo León,México,1,03/07/2023
873,Sofía,Muñoz,sofia.munoz873@correo.mx,7229913106,Metepec,Estado de México,México,1,31/10/2021
612,  laura  ,De la Cruz,laura.delacruz612@example.org,7221859167,Toluca,Estado de México,México,1,15/01/2023
173,DANIELA,O'Connor,daniela.oconnor173@correo.mx,7223480171,Guadalajara,Jalisco,México,1,06/05/2022
252,MÓNICA,De la Cruz,monica.delacruz252@empresa.com,7227301676,Mérida,Yucatán,México,1,01/03/2021
857,Ana,castillo,ana.castillo857@example.org,7228325607,Toluca,Estado de México,México,1,17/06/2021
419,Luis,O'Connor,luis.oconnor419@example.org,7226544197,Mérida,Yucatán,México,1,16/01/2025
186,Carlos,  Vargas  ,carlos.vargas186@ventas.net,7227295682,Tijuana,Baja California,México,1,23/07/2025
25,Ana,García,,7226663199,Monterrey,Nuevo León,México,0,20/05/2025
259,ramón,De la Cruz,ramon.delacruz259@example.org,7226452589,Mérida,Yucatán,México,1,11/01/2021
625,Sofía,O'Connor,sofia.oconnor625@ventas.net,7221616647,Tijuana,Baja California,México,1,30/05/2024
118,DANIELA,Pérez,daniela.perez118@example.org,7229739329,Tijuana,Baja California,México,1,23/11/2025
694,José,Muñoz,jose.munoz694@ventas.net,7226189024,Monterrey,Nuevo León,México,1,09/11/2025
160,Carlos,De la Cruz,carlos.delacruz160@ventas.net,7223370532,Puebla,Puebla,México,1,29/12/2021
247,Sofía,castillo,sofia.castillo247@empresa.com,7225177878,Puebla,Puebla,México,1,16/03/2025
717,Zoë,López,zoe.lopez717@correo.mx,7222753627,León,Guanajuato,México,1,26/05/2021
777,fernando,De la Cruz,fernando.delacruz777@example.org,7224426047,CDMX,Ciudad de México,México,1,23/02/2023
268,MÓNICA,  Vargas  ,monica.vargas268@empresa.com,7222925231,Tijuana,Baja California,México,1,30/04/2022
3,Óscar,  Vargas  ,,7225389452,Monterrey,Nuevo León,México,0,28/05/2025
514,Valeria,DÍAZ,valeria.diaz514@ventas.net,7227674646,Mérida,Yucatán,México,1,23/07/2022
599,Iñaki,García,inaki.garcia599@correo.mx,7224869278,CDMX,Ciudad de México,México,1,30/09/2023
520,Luis,Hernández,luis.hernandez520@example.org,7222195364,Querétaro,Querétaro,México,1,03/05/2025
810,Óscar,Pérez,oscar.perez810@empresa.com,7229060209,CDMX,Ciudad de México,México,1,30/11/2022
74,Ana,García,,7227983261,Metepec,Estado de México,México,1,04/03/2021
24,Sofía,Pérez,,7222073240,Querétaro,Querétaro,México,0,26/05/2026
165,  laura  ,Pérez,laura.perez165@correo.mx,7227544277,Metepec,Estado de México,México,1,21/11/2021
539,  laura  ,O'Connor,laura.oconnor539@ventas.net,7228945614,Monterrey,Nuevo León,México,1,04/12/2025
115,Zoë,Hernández,zoe.hernandez115@ventas.net,7222945365,Toluca,Estado de México,México,1,12/03/2026
780,Sofía,  Vargas  ,sofia.vargas780@correo.mx,7229311583,Querétaro,Querétaro,México,1,23/07/2023
796,Luis,Sánchez,luis.sanchez796@ventas.net,7229899702,Guadalajara,Jalisco,México,1,31/10/2025
311,Zoë,Torres,zoe.torres311@empresa.com,7227440749,Monterrey,Nuevo León,México,1,14/10/2021
503,Lucía,Sánchez,lucia.sanchez503@correo.mx,7225416508,Toluca,Estado de México,México,1,07/05/2024
849,Iñaki,Ramírez,inaki.ramirez849@empresa.com,7221236929,CDMX,Ciudad de México,México,1,13/03/2025
700,MÓNICA,Hernández,monica.hernandez700@correo.mx,7229889710,León,Guanajuato,México,1,31/01/2022
220,Jorge,DÍAZ,jorge.diaz220@correo.mx,7227317596,Metepec,Estado de México,México,1,19/08/2021
554,Sofía,Martínez,sofia.martinez554@correo.mx,7223778654,Puebla,Puebla,México,1,01/05/2026
116,  laura  ,Sánchez,laura.sanchez116@empresa.com,7226132227,CDMX,Ciudad de México,México,1,05/06/2025
869,fernando,López,fernando.lopez869@empresa.com,7229196090,León,Guanajuato,México,1,05/05/2025
187,Miguel,López,miguel.lopez187@example.org,7226822121,CDMX,Ciudad de México,México,1,26/08/2021
398,Miguel,Núñez,miguel.nunez398@ventas.net,7227922514,Querétaro,Querétaro,México,1,19/05/2021
896,MÓNICA,López,monica.lopez896@empresa.com,7227327279,León,Guanajuato,México,1,11/04/2026
546,Zoë,Pérez,zoe.perez546@correo.mx,7222633505,Metepec,Estado de México,México,1,29/09/2022
446,Renée,Pérez,renee.perez446@empresa.com,7222936862,Querétaro,Querétaro,México,1,25/11/2024
306,Sofía,Hernández,sofia.hernandez306@empresa.com,7226366550,Tijuana,Baja California,México,1,24/05/2025
94,fernando,Pérez,,7223550893,Toluca,Estado de México,México,1,26/04/2025
470,Ángel,Ramírez,angel.ramirez470@ventas.net,7224354071,León,Guanajuato,México,1,06/09/2025
844,ramón,Ramírez,ramon.ramirez844@correo.mx,7221420987,Monterrey,Nuevo León,México,1,27/05/2021
265,  ÓSCAR  ,Torres,oscar.torres265@empresa.com,7229528924,Guadalajara,Jalisco,México,1,12/11/2024
489,Óscar,Muñoz,oscar.munoz489@example.org,7225624093,Monterrey,Nuevo León,México,1,28/11/2023
491,MÓNICA,O'Connor,monica.oconnor491@empresa.com,7226526165,Mérida,Yucatán,México,1,31/12/2024
825,Lucía,Ramírez,lucia.ramirez825@correo.mx,7224726146,Metepec,Estado de México,México,1,14/02/2026
622,Óscar,Pérez,oscar.perez622@example.org,7227908276,León,Guanajuato,México,1,07/03/2021
100,Ana,castillo,,7228394008,Guadalajara,Jalisco,México,1,06/12/2025
289,Lucía,  Vargas  ,lucia.vargas289@empresa.com,7223476099,CDMX,Ciudad de México,México,1,24/05/2023
548,Luis,García,luis.garcia548@example.org,7225876010,Mérida,Yucatán,México,1,17/05/2023
38,DANIELA,Martínez,,7222700016,Puebla,Puebla,México,0,18/03/2022
232,Zoë,castillo,zoe.castillo232@ventas.net,7224419639,Mérida,Yucatán,México,1,05/03/2026
622,Óscar,Pérez,oscar.perez622@example.org,7227908276,León,Guanajuato,México,1,07/03/2021
120,fernando,Torres,fernando.torres120@correo.mx,7225723638,Monterrey,Nuevo León,México,1,26/02/2025
613,Renée,O'Connor,renee.oconnor613@example.org,7225543740,Tijuana,Baja California,México,1,10/05/2024
693,ramón,  Vargas  ,ramon.vargas693@empresa.com,7227946236,Puebla,Puebla,México,1,22/04/2023
169,  laura  ,castillo,laura.castillo169@example.org,7224423300,Tijuana,Baja California,México,1,03/06/2023
402,Miguel,Hernández,miguel.hernandez402@ventas.net,7229102661,Metepec,Estado de México,México,1,11/08/2025
238,Lucía,Hernández,lucia.hernandez238@example.org,7228091181,Toluca,Estado de México,México,1,03/06/2025
597,Lucía,Ramírez,lucia.ramirez597@example.org,7221961607,Puebla,Puebla,México,1,09/04/2024
690,  JORGE  ,  Vargas  ,jorge.vargas690@ventas.net,7224853290,Querétaro,Querétaro,México,1,28/09/2025
182,Renée,Torres,renee.torres182@example.org,7227622866,Querétaro,Querétaro,México,1,09/01/2025
598,fernando,Torres,fernando.torres598@example.org,7223448185,Mérida,Yucatán,México,1,06/10/2021
196,Ángel,Muñoz,angel.munoz196@ventas.net,7226531635,Toluca,Estado de México,México,1,06/07/2024
659,Carlos,  Vargas  ,carlos.vargas659@ventas.net,7222375929,Toluca,Estado de México,México,1,12/06/2022
819,fernando,DÍAZ,fernando.diaz819@example.org,7229257601,Tijuana,Baja California,México,1,19/04/2026
619,MÓNICA,García,monica.garcia619@example.org,7223642277,Puebla,Puebla,México,1,20/03/2026
472,Renée,De la Cruz,renee.delacruz472@empresa.com,7229300546,Monterrey,Nuevo León,México,1,14/12/2021
412,Valeria,castillo,valeria.castillo412@empresa.com,7226795449,Mérida,Yucatán,México,1,05/09/2024
676,Carlos,Martínez,carlos.martinez676@correo.mx,7226888576,León,Guanajuato,México,1,08/01/2025
568,fernando,DÍAZ,fernando.diaz568@empresa.com,7226424914,Monterrey,Nuevo León,México,1,25/03/2023
544,Jorge,O'Connor,jorge.oconnor544@empresa.com,7222087946,León,Guanajuato,México,1,30/01/2026
827,Iñaki,Pérez,inaki.perez827@example.org,7224386031,Metepec,Estado de México,México,1,01/06/2025
608,Jorge,Núñez,jorge.nunez608@ventas.net,7225188994,CDMX,Ciudad de México,México,1,09/10/2022
517,MÓNICA,Hernández,monica.hernandez517@correo.mx,7221146376,Metepec,Estado de México,México,1,20/08/2021
481,Miguel,Hernández,miguel.hernandez481@empresa.com,7223552749,Querétaro,Querétaro,México,1,09/05/2025
249,Luis,Pérez,luis.perez249@correo.mx,7222564675,Toluca,Estado de México,México,1,19/06/2025
357,Ángel,Hernández,angel.hernandez357@empresa.com,7224838652,Toluca,Estado de México,México,1,24/11/2025
16,María,Muñoz,,7226231181,León,Guanajuato,México,0,14/07/2024
211,fernando,Ramírez,fernando.ramirez211@ventas.net,7228422578,León,Guanajuato,México,1,12/07/2025
31,José,  Vargas  ,,7224315994,Monterrey,Nuevo León,México,0,09/11/2022
12,Iñaki,Ramírez,,7229752774,CDMX,Ciudad de México,México,0,15/03/2025
881,Zoë,Núñez,zoe.nunez881@example.org,7229496363,Querétaro,Querétaro,México,1,22/01/2026
553,José,López,jose.lopez553@correo.mx,7228350465,Monterrey,Nuevo León,México,1,06/10/2022
826,José,Hernández,jose.hernandez826@empresa.com,7223179467,CDMX,Ciudad de México,México,1,17/05/2024
798,Luis,López,luis.lopez798@example.org,7226123761,Querétaro,Querétaro,México,1,25/05/2023
734,DANIELA,Muñoz,daniela.munoz734@ventas.net,7223974434,León,Guanajuato,México,1,29/08/2021
303,MÓNICA,De la Cruz,monica.delacruz303@example.org,7223683621,Toluca,Estado de México,México,1,01/10/2025
89,Miguel,Pérez,,7225471066,Mérida,Yucatán,México,1,06/05/2023
284,Ana,López,ana.lopez284@ventas.net,7228907489,Mérida,Yucatán,México,1,28/08/2021
787,Renée,Sánchez,renee.sanchez787@empresa.com,7226585514,Metepec,Estado de México,México,1,08/02/2023
759,Sofía,Pérez,sofia.perez759@correo.mx,7227658662,Toluca,Estado de México,México,1,25/11/2022
265,Óscar,Torres,oscar.torres265@empresa.com,7229528924,Guadalajara,Jalisco,México,1,12/11/2024
92,José,López,,7227037910,Puebla,Puebla,México,1,17/02/2025
340,Valeria,Pérez,valeria.perez340@empresa.com,7223269816,Metepec,Estado de México,México,1,09/08/2025
477,Carlos,castillo,carlos.castillo477@correo.mx,7228999703,Guadalajara,Jalisco,México,1,02/10/2021
382,Valeria,De la Cruz,valeria.delacruz382@ventas.net,7227230326,Toluca,Estado de México,México,1,27/06/2023
113,Lucía,Martínez,lucia.martinez113@empresa.com,7224830101,León,Guanajuato,México,1,01/02/2024
450,Óscar,  Vargas  ,oscar.vargas450@empresa.com,7228999505,Monterrey,Nuevo León,México,1,02/04/2023
409,  laura  ,O'Connor,laura.oconnor409@empresa.com,7226002599,Tijuana,Baja California,México,1,05/05/2021
396,Sofía,O'Connor,sofia.oconnor396@correo.mx,7223746750,Querétaro,Querétaro,México,1,29/07/2023
728,DANIELA,Pérez,daniela.perez728@empresa.com,7228913422,Toluca,Estado de México,México,1,21/05/2024
656,Renée,De la Cruz,renee.delacruz656@correo.mx,7227838028,Guadalajara,Jalisco,México,1,11/10/2021
841,Lucía,Sánchez,lucia.sanchez841@example.org,7222361924,León,Guanajuato,México,1,18/11/2021
540,fernando,Ramírez,fernando.ramirez540@ventas.net,7225716667,Metepec,Estado de México,México,1,21/10/2024
824,María,O'Connor,maria.oconnor824@example.org,7229000728,Querétaro,Querétaro,México,1,11/05/2022
236,Miguel,DÍAZ,miguel.diaz236@example.org,7224202649,Puebla,Puebla,México,1,03/08/2023
422,Luis,Ramírez,luis.ramirez422@empresa.com,7226143119,CDMX,Ciudad de México,México,1,12/08/2024
22,DANIELA,O'Connor,,7229546706,CDMX,Ciudad de México,México,0,20/06/2025
672,Sofía,Sánchez,sofia.sanchez672@correo.mx,7223642065,Puebla,Puebla,México,1,01/02/2022
58,fernando,López,,7229308937,Querétaro,Querétaro,México,1,20/10/2025
171,Carlos,Muñoz,carlos.munoz171@correo.mx,7227222502,Monterrey,Nuevo León,México,1,24/05/2026
401,José,García,jose.garcia401@empresa.com,7229178555,Guadalajara,Jalisco,México,1,12/03/2025
89,Miguel,Pérez,,7225471066,Mérida,Yucatán,México,1,06/05/2023
621,Zoë,Martínez,zoe.martinez621@correo.mx,7221869566,Puebla,Puebla,México,1,22/04/2023
653,Zoë,Ramírez,zoe.ramirez653@example.org,7223710588,León,Guanajuato,México,1,28/02/2021
53,  laura  ,López,,7226223030,Mérida,Yucatán,México,1,19/03/2022
537,fernando,De la Cruz,fernando.delacruz537@correo.mx,7221756274,Toluca,Estado de México,México,1,09/05/2023
535,Jorge,López,jorge.lopez535@empresa.com,7228084914,Monterrey,Nuevo León,México,1,28/04/2022
255,Luis,Ramírez,luis.ramirez255@ventas.net,7225927587,Monterrey,Nuevo León,México,1,18/05/2024
808,Zoë,castillo,zoe.castillo808@empresa.com,7229434427,León,Guanajuato,México,1,07/02/2026
452,Iñaki,Ramírez,inaki.ramirez452@ventas.net,7229528014,Querétaro,Querétaro,México,1,24/04/2026
661,DANIELA,castillo,daniela.castillo661@correo.mx,7221479752,León,Guanajuato,México,1,15/11/2022
351,Renée,  Vargas  ,renee.vargas351@empresa.com,7226877645,Tijuana,Baja California,México,1,08/09/2025
250,DANIELA,Sánchez,daniela.sanchez250@ventas.net,7223365704,Monterrey,Nuevo León,México,1,07/09/2023
122,Sofía,Núñez,sofia.nunez122@correo.mx,7226126199,Toluca,Estado de México,México,1,12/07/2023
637,Ángel,Ramírez,angel.ramirez637@correo.mx,7227947964,Puebla,Puebla,México,1,03/03/2024
666,Zoë,  Vargas  ,zoe.vargas666@empresa.com,7222404291,Monterrey,Nuevo León,México,1,17/01/2023
792,María,DÍAZ,maria.diaz792@example.org,7221801796,Mérida,Yucatán,México,1,23/10/2023
839,José,García,jose.garcia839@correo.mx,7223372043,Mérida,Yucatán,México,1,29/10/2023
352,  ZOË  ,castillo,zoe.castillo352@correo.mx,7229536959,Puebla,Puebla,México,1,15/08/2025
608,Jorge,Núñez,jorge.nunez608@ventas.net,7225188994,CDMX,Ciudad de México,México,1,09/10/2022
345,Jorge,O'Connor,jorge.oconnor345@ventas.net,7222936229,CDMX,Ciudad de México,México,1,23/07/2024
623,Zoë,Ramírez,zoe.ramirez623@ventas.net,7229376484,Toluca,Estado de México,México,1,14/07/2025
900,Miguel,García,miguel.garcia900@example.org,7223849100,Metepec,Estado de México,México,1,02/06/2022
86,Valeria,Muñoz,,7228985080,CDMX,Ciudad de México,México,1,24/05/2021
647,DANIELA,Muñoz,daniela.munoz647@correo.mx,7229601234,Puebla,Puebla,México,1,27/03/2025
645,Zoë,Torres,zoe.torres645@ventas.net,7221599755,Tijuana,Baja California,México,1,03/01/2023
436,Luis,castillo,luis.castillo436@empresa.com,7221248871,Toluca,Estado de México,México,1,14/08/2023
76,Renée,castillo,,7227844288,Tijuana,Baja California,México,1,14/11/2025
201,Jorge,  Vargas  ,jorge.vargas201@empresa.com,7228294392,Querétaro,Querétaro,México,1,04/10/2022
433,  ÁNGEL  ,castillo,angel.castillo433@ventas.net,7225482849,Monterrey,Nuevo León,México,1,03/07/2023
371,Zoë,Muñoz,zoe.munoz371@ventas.net,7222629459,Monterrey,Nuevo León,México,1,30/12/2021
223,  MIGUEL  ,O'Connor,miguel.oconnor223@ventas.net,7228158240,Querétaro,Querétaro,México,1,23/12/2021
684,Ana,Martínez,ana.martinez684@ventas.net,7227900124,Tijuana,Baja California,México,1,16/01/2025
840,Lucía,castillo,lucia.castillo840@ventas.net,7225916350,Tijuana,Baja California,México,1,04/04/2022
210,DANIELA,Hernández,daniela.hernandez210@correo.mx,7224177631,Toluca,Estado de México,México,1,25/04/2025
487,  laura  ,castillo,laura.castillo487@correo.mx,7227439002,Guadalajara,Jalisco,México,1,03/01/2025
585,Zoë,García,zoe.garcia585@empresa.com,7223551583,Puebla,Puebla,México,1,07/04/2021
660,José,Hernández,jose.hernandez660@empresa.com,7224827000,Guadalajara,Jalisco,México,1,07/12/2022
790,Carlos,López,carlos.lopez790@example.org,7225856997,Metepec,Estado de México,México,1,20/10/2024
576,fernando,O'Connor,fernando.oconnor576@example.org,7228288965,Monterrey,Nuevo León,México,1,31/07/2021
65,fernando,García,,7227123016,Puebla,Puebla,México,1,28/05/2026
683,fernando,Sánchez,fernando.sanchez683@correo.mx,7225619698,Querétaro,Querétaro,México,1,15/11/2024
390,Jorge,Pérez,jorge.perez390@empresa.com,7226644660,Mérida,Yucatán,México,1,16/01/2021
193,  laura  ,Martínez,laura.martinez193@ventas.net,7228912906,León,Guanajuato,México,1,16/09/2021
260,fernando,O'Connor,fernando.oconnor260@correo.mx,7222008682,Querétaro,Querétaro,México,1,05/06/2025
336,MÓNICA,Hernández,monica.hernandez336@example.org,7228294209,Puebla,Puebla,México,1,01/01/2022
386,Ángel,Muñoz,angel.munoz386@empresa.com,7226410085,Toluca,Estado de México,México,1,26/02/2024
404,Carlos,Ramírez,carlos.ramirez404@ventas.net,7224011164,Guadalajara,Jalisco,México,1,16/10/2022
677,  IÑAKI  ,Núñez,inaki.nunez677@ventas.net,7226147132,Guadalajara,Jalisco,México,1,26/05/2021
835,Sofía,Ramírez,sofia.ramirez835@example.org,7229189950,Tijuana,Baja California,México,1,25/09/2024
471,Sofía,Pérez,sofia.perez471@correo.mx,7222611896,Guadalajara,Jalisco,México,1,23/07/2024
848,Luis,Pérez,luis.perez848@empresa.com,7221221962,Tijuana,Baja California,México,1,25/03/2025
795,Lucía,DÍAZ,lucia.diaz795@empresa.com,7229032177,Metepec,Estado de México,México,1,21/06/2021
305,ramón,López,ramon.lopez305@ventas.net,7229167247,CDMX,Ciudad de México,México,1,28/03/2025
219,Jorge,Hernández,jorge.hernandez219@correo.mx,7225008362,Guadalajara,Jalisco,México,1,05/04/2022
655,Iñaki,Sánchez,inaki.sanchez655@empresa.com,7228942806,Mérida,Yucatán,México,1,03/06/2022
526,Carlos,O'Connor,carlos.oconnor526@ventas.net,7226282719,Guadalajara,Jalisco,México,1,13/08/2025
46,fernando,Núñez,,7227369436,Puebla,Puebla,México,0,26/03/2023
240,MÓNICA,Torres,monica.torres240@ventas.net,7228597647,Puebla,Puebla,México,1,17/11/2022
593,Jorge,castillo,jorge.castillo593@ventas.net,7225495096,Puebla,Puebla,México,1,14/12/2023
276,Luis,  Vargas  ,luis.vargas276@empresa.com,7229866861,León,Guanajuato,México,1,09/04/2026
505,Renée,Torres,renee.torres505@empresa.com,7226304758,Querétaro,Querétaro,México,1,02/01/2023
282,  laura  ,DÍAZ,laura.diaz282@ventas.net,7227532001,CDMX,Ciudad de México,México,1,27/04/2026
882,DANIELA,Hernández,daniela.hernandez882@example.org,7228217696,Toluca,Estado de México,México,1,23/03/2026
805,ramón,castillo,ramon.castillo805@ventas.net,7225436221,Toluca,Estado de México,México,1,31/10/2021
764,MÓNICA,Torres,monica.torres764@example.org,7228437775,Monterrey,Nuevo León,México,1,26/06/2025
698,fernando,Torres,fernando.torres698@empresa.com,7223139030,León,Guanajuato,México,1,14/12/2022
348,  laura  ,DÍAZ,laura.diaz348@ventas.net,7223635446,Metepec,Estado de México,México,1,26/05/2025
866,Sofía,Martínez,sofia.martinez866@correo.mx,7225864651,Monterrey,Nuevo León,México,1,30/06/2023
212,Sofía,García,sofia.garcia212@ventas.net,7229944634,Toluca,Estado de México,México,1,01/07/2025
785,Renée,castillo,renee.castillo785@ventas.net,7223484731,León,Guanajuato,México,1,30/01/2022
179,DANIELA,Núñez,daniela.nunez179@correo.mx,7224877454,Toluca,Estado de México,México,1,04/09/2025
383,Zoë,DÍAZ,zoe.diaz383@example.org,7222500254,Tijuana,Baja California,México,1,23/03/2026
455,  LUCÍA  ,castillo,lucia.castillo455@example.org,7221943325,Guadalajara,Jalisco,México,1,23/04/2024
231,Ana,García,ana.garcia231@empresa.com,7229569774,Mérida,Yucatán,México,1,22/01/2021
107,Valeria,Núñez,valeria.nunez107@ventas.net,7221504752,Querétaro,Querétaro,México,1,25/07/2025
79,Ana,García,,7224773101,Metepec,Estado de México,México,1,04/05/2025
440,Miguel,Torres,miguel.torres440@example.org,7228705902,Puebla,Puebla,México,1,08/05/2026
181,Sofía,López,sofia.lopez181@empresa.com,7229249992,Querétaro,Querétaro,México,1,01/03/2024
729,Luis,Núñez,luis.nunez729@example.org,7228457573,Querétaro,Querétaro,México,1,24/03/2021
870,Renée,Torres,renee.torres870@example.org,7224926060,Mérida,Yucatán,México,1,02/06/2022
304,MÓNICA,Hernández,monica.hernandez304@correo.mx,7228657049,CDMX,Ciudad de México,México,1,22/02/2025
245,Zoë,castillo,zoe.castillo245@empresa.com,7221525217,Mérida,Yucatán,México,1,23/09/2023
337,  laura  ,López,laura.lopez337@ventas.net,7227061449,Toluca,Estado de México,México,1,26/02/2026
322,ramón,DÍAZ,ramon.diaz322@correo.mx,7229754503,Tijuana,Baja California,México,1,18/04/2026
494,José,Núñez,jose.nunez494@example.org,7226907967,Puebla,Puebla,México,1,24/08/2021
739,Zoë,DÍAZ,zoe.diaz739@example.org,7229222641,Monterrey,Nuevo León,México,1,17/03/2022
167,Zoë,Torres,zoe.torres167@correo.mx,7229425625,CDMX,Ciudad de México,México,1,30/01/2024
762,Zoë,Muñoz,zoe.munoz762@empresa.com,7221328777,Monterrey,Nuevo León,México,1,03/01/2026
624,Valeria,Muñoz,valeria.munoz624@correo.mx,7223753759,Puebla,Puebla,México,1,09/06/2025
7,Zoë,  Vargas  ,,7227719618,Toluca,Estado de México,México,0,20/11/2022
180,ramón,Pérez,ramon.perez180@correo.mx,7228242240,Querétaro,Querétaro,México,1,09/01/2022
862,Ángel,Pérez,angel.perez862@empresa.com,7226903352,Puebla,Puebla,México,1,24/03/2021
714,DANIELA,Hernández,daniela.hernandez714@example.org,7229387265,Toluca,Estado de México,México,1,12/08/2025
204,ramón,Núñez,ramon.nunez204@example.org,7227662944,Guadalajara,Jalisco,México,1,23/11/2021
442,Zoë,Martínez,zoe.martinez442@empresa.com,7222425372,Monterrey,Nuevo León,México,1,24/08/2025
519,Óscar,Torres,oscar.torres519@correo.mx,7226919909,Guadalajara,Jalisco,México,1,16/03/2023
497,Jorge,Muñoz,jorge.munoz497@ventas.net,7224483557,Guadalajara,Jalisco,México,1,13/06/2023
237,Carlos,López,carlos.lopez237@empresa.com,7222726787,Puebla,Puebla,México,1,28/05/2026
772,DANIELA,Pérez,daniela.perez772@empresa.com,7223716503,Monterrey,Nuevo León,México,1,14/02/2024
407,Miguel,Hernández,miguel.hernandez407@empresa.com,7223092502,Mérida,Yucatán,México,1,12/12/2021
758,DANIELA,Hernández,daniela.hernandez758@empresa.com,7224814187,León,Guanajuato,México,1,30/09/2021
643,José,castillo,jose.castillo643@correo.mx,7221211204,CDMX,Ciudad de México,México,1,08/07/2025
473,María,castillo,maria.castillo473@ventas.net,7222494462,Puebla,Puebla,México,1,10/04/2025
687,Miguel,Torres,miguel.torres687@correo.mx,7223708595,Querétaro,Querétaro,México,1,05/06/2023
667,Óscar,DÍAZ,oscar.diaz667@ventas.net,7221109722,Tijuana,Baja California,México,1,20/05/2023
595,DANIELA,Pérez,daniela.perez595@ventas.net,7227058138,Mérida,Yucatán,México,1,27/09/2024
136,Ana,De la Cruz,ana.delacruz136@example.org,7221016727,Tijuana,Baja California,México,1,23/05/2023
443,José,castillo,jose.castillo443@ventas.net,7221723454,León,Guanajuato,México,1,11/10/2025
316,Renée,Martínez,renee.martinez316@ventas.net,7226806449,Tijuana,Baja California,México,1,09/06/2025
137,José,Hernández,jose.hernandez137@ventas.net,7229628773,Monterrey,Nuevo León,México,1,24/11/2021
654,Sofía,López,sofia.lopez654@ventas.net,7229740708,León,Guanajuato,México,1,27/02/2023
283,Renée,Muñoz,renee.munoz283@correo.mx,7228243861,Monterrey,Nuevo León,México,1,22/11/2024
525,DANIELA,Martínez,daniela.martinez525@ventas.net,7226146538,Toluca,Estado de México,México,1,19/02/2024
591,ramón,  Vargas  ,ramon.vargas591@ventas.net,7224648226,Monterrey,Nuevo León,México,1,12/01/2025
154,María,O'Connor,maria.oconnor154@example.org,7228979051,Puebla,Puebla,México,1,09/06/2024
582,MÓNICA,Muñoz,monica.munoz582@example.org,7227688716,Guadalajara,Jalisco,México,1,11/04/2022
104,Zoë,García,zoe.garcia104@empresa.com,7223277647,Toluca,Estado de México,México,1,13/02/2022
30,Sofía,Ramírez,,7221249855,Mérida,Yucatán,México,0,19/03/2022
476,Ángel,Torres,angel.torres476@example.org,7229062038,Guadalajara,Jalisco,México,1,02/12/2022
814,Iñaki,O'Connor,inaki.oconnor814@empresa.com,7223114401,Querétaro,Querétaro,México,1,23/02/2021
800,  SOFÍA  ,López,sofia.lopez800@example.org,7223425345,Monterrey,Nuevo León,México,1,14/03/2024
430,Miguel,castillo,miguel.castillo430@correo.mx,7229952944,León,Guanajuato,México,1,21/04/2025
657,Zoë,De la Cruz,zoe.delacruz657@empresa.com,7223928097,Tijuana,Baja California,México,1,16/10/2021
133,Miguel,Sánchez,miguel.sanchez133@correo.mx,7226761898,Toluca,Estado de México,México,1,20/10/2021
105,Luis,Martínez,luis.martinez105@ventas.net,7223262552,Tijuana,Baja California,México,1,15/10/2023
185,Jorge,De la Cruz,jorge.delacruz185@correo.mx,7223992601,León,Guanajuato,México,1,13/05/2021
389,Luis,  Vargas  ,luis.vargas389@empresa.com,7223512681,Metepec,Estado de México,México,1,16/10/2022
559,Carlos,Hernández,carlos.hernandez559@ventas.net,7221934762,Toluca,Estado de México,México,1,25/04/2026
842,Zoë,López,zoe.lopez842@ventas.net,7227570154,Metepec,Estado de México,México,1,28/08/2025
767,Jorge,García,jorge.garcia767@example.org,7224830640,Tijuana,Baja California,México,1,13/11/2022
177,Ángel,López,angel.lopez177@example.org,7227585586,Tijuana,Baja California,México,1,20/03/2024
403,fernando,López,fernando.lopez403@ventas.net,7227856369,León,Guanajuato,México,1,09/02/2023
778,Lucía,DÍAZ,lucia.diaz778@ventas.net,7221362212,Tijuana,Baja California,México,1,19/06/2024
565,Iñaki,Núñez,inaki.nunez565@example.org,7226569176,Metepec,Estado de México,México,1,22/02/2021
791,Ángel,López,angel.lopez791@empresa.com,7228104590,León,Guanajuato,México,1,17/10/2025
495,Renée,Martínez,renee.martinez495@correo.mx,7229828625,Guadalajara,Jalisco,México,1,09/10/2022
292,Jorge,O'Connor,jorge.oconnor292@empresa.com,7227204536,Puebla,Puebla,México,1,13/05/2024
617,Valeria,Torres,valeria.torres617@ventas.net,7227698855,Puebla,Puebla,México,1,17/03/2025
715,MÓNICA,castillo,monica.castillo715@empresa.com,7227374486,Metepec,Estado de México,México,1,10/06/2023
686,  laura  ,De la Cruz,laura.delacruz686@ventas.net,7228478408,Tijuana,Baja California,México,1,16/09/2024
498,Carlos,Torres,carlos.torres498@empresa.com,7228621915,Monterrey,Nuevo León,México,1,06/09/2025
4,Valeria,García,,7225149877,Guadalajara,Jalisco,México,0,30/07/2025
262,ramón,Ramírez,ramon.ramirez262@correo.mx,7224437641,Mérida,Yucatán,México,1,13/03/2025
811,Ana,De la Cruz,ana.delacruz811@ventas.net,7224389308,Metepec,Estado de México,México,1,10/04/2021
217,MÓNICA,Muñoz,monica.munoz217@ventas.net,7225788007,Puebla,Puebla,México,1,13/09/2025
197,Lucía,  Vargas  ,lucia.vargas197@example.org,7222182735,CDMX,Ciudad de México,México,1,03/11/2024
898,Zoë,García,zoe.garcia898@empresa.com,7224299613,Monterrey,Nuevo León,México,1,13/06/2021
682,Ángel,Martínez,angel.martinez682@correo.mx,7221880737,Metepec,Estado de México,México,1,28/05/2022
648,MÓNICA,Ramírez,monica.ramirez648@empresa.com,7221138168,Monterrey,Nuevo León,México,1,19/07/2022
677,Iñaki,Núñez,inaki.nunez677@ventas.net,7226147132,Guadalajara,Jalisco,México,1,26/05/2021
375,  DANIELA  ,castillo,daniela.castillo375@empresa.com,7221430371,Guadalajara,Jalisco,México,1,20/04/2022
44,José,Muñoz,,7226233479,Guadalajara,Jalisco,México,0,06/08/2025
479,José,Sánchez,jose.sanchez479@ventas.net,7221779546,Monterrey,Nuevo León,México,1,19/11/2025
588,Óscar,López,oscar.lopez588@empresa.com,7226918110,Querétaro,Querétaro,México,1,19/01/2024
626,ramón,Ramírez,ramon.ramirez626@example.org,7226027276,Metepec,Estado de México,México,1,02/09/2024
753,Zoë,De la Cruz,zoe.delacruz753@empresa.com,7221916070,Puebla,Puebla,México,1,27/01/2024
144,ramón,Ramírez,ramon.ramirez144@empresa.com,7228591641,Metepec,Estado de México,México,1,13/06/2023
45,Luis,Sánchez,,7224731768,Guadalajara,Jalisco,México,0,05/03/2024
270,Jorge,Hernández,jorge.hernandez270@ventas.net,7223238420,Querétaro,Querétaro,México,1,17/11/2022
138,  DANIELA  ,  Vargas  ,daniela.vargas138@ventas.net,7221457098,Monterrey,Nuevo León,México,1,24/05/2021
20,Carlos,Sánchez,,7221122694,Querétaro,Querétaro,México,0,11/10/2024
57,Valeria,O'Connor,,7226706812,Mérida,Yucatán,México,1,06/05/2026
358,Óscar,castillo,oscar.castillo358@ventas.net,7221515645,CDMX,Ciudad de México,México,1,12/09/2024
516,Óscar,Sánchez,oscar.sanchez516@ventas.net,7229849542,Metepec,Estado de México,México,1,25/05/2021
346,Carlos,O'Connor,carlos.oconnor346@example.org,7226933396,Guadalajara,Jalisco,México,1,23/02/2023
567,Ana,Hernández,ana.hernandez567@correo.mx,7221428206,Mérida,Yucatán,México,1,18/09/2022
431,Renée,Hernández,renee.hernandez431@example.org,7228253262,CDMX,Ciudad de México,México,1,03/07/2021
513,Lucía,O'Connor,lucia.oconnor513@example.org,7228390592,Mérida,Yucatán,México,1,04/10/2025
737,Carlos,Muñoz,carlos.munoz737@correo.mx,7223321151,Querétaro,Querétaro,México,1,24/07/2021
616,Ángel,Hernández,angel.hernandez616@ventas.net,7226101868,Monterrey,Nuevo León,México,1,07/12/2025
745,Iñaki,López,inaki.lopez745@ventas.net,7225793651,Toluca,Estado de México,México,1,31/07/2021
641,fernando,DÍAZ,fernando.diaz641@empresa.com,7228074002,Puebla,Puebla,México,1,04/12/2022
19,Lucía,DÍAZ,,7222271483,Metepec,Estado de México,México,0,01/03/2026
73,Miguel,García,,7224108355,Guadalajara,Jalisco,México,1,15/05/2025
106,Carlos,Hernández,carlos.hernandez106@example.org,7226500267,Querétaro,Querétaro,México,1,12/05/2025
885,ramón,Pérez,ramon.perez885@empresa.com,7227521899,Tijuana,Baja California,México,1,28/04/2023
673,Ángel,Hernández,angel.hernandez673@correo.mx,7222584671,Querétaro,Querétaro,México,1,05/07/2024
78,Sofía,O'Connor,,7226694950,Guadalajara,Jalisco,México,1,04/01/2025
387,  CARLOS  ,  Vargas  ,carlos.vargas387@correo.mx,7223277717,CDMX,Ciudad de México,México,1,18/07/2022
304,MÓNICA,Hernández,monica.hernandez304@correo.mx,7228657049,CDMX,Ciudad de México,México,1,22/02/2025
783,Ana,DÍAZ,ana.diaz783@empresa.com,7227015477,Guadalajara,Jalisco,México,1,05/07/2024
596,Miguel,De la Cruz,miguel.delacruz596@correo.mx,7221694886,León,Guanajuato,México,1,22/01/2026
654,Sofía,López,sofia.lopez654@ventas.net,7229740708,León,Guanajuato,México,1,27/02/2023
342,José,Núñez,jose.nunez342@correo.mx,7225904253,Toluca,Estado de México,México,1,08/01/2025
549,María,DÍAZ,maria.diaz549@empresa.com,7228389417,León,Guanajuato,México,1,10/05/2022
600,Lucía,Hernández,lucia.hernandez600@ventas.net,7222872744,Puebla,Puebla,México,1,15/11/2021
891,Lucía,Muñoz,lucia.munoz891@ventas.net,7228700311,Tijuana,Baja California,México,1,01/12/2025
205,MÓNICA,Hernández,monica.hernandez205@correo.mx,7227221535,Puebla,Puebla,México,1,05/01/2026
818,  MIGUEL  ,Torres,miguel.torres818@correo.mx,7228767558,Puebla,Puebla,México,1,19/06/2022
128,Iñaki,DÍAZ,inaki.diaz128@empresa.com,7227081459,Metepec,Estado de México,México,1,15/08/2023
610,Luis,O'Connor,luis.oconnor610@ventas.net,7226970938,Mérida,Yucatán,México,1,06/08/2021
692,Valeria,García,valeria.garcia692@empresa.com,7222409645,Monterrey,Nuevo León,México,1,25/07/2021
27,José,López,,7223333284,Mérida,Yucatán,México,0,13/12/2021
121,Renée,  Vargas  ,renee.vargas121@correo.mx,7229231711,Puebla,Puebla,México,1,18/07/2022
131,Lucía,Muñoz,lucia.munoz131@correo.mx,7229371262,Toluca,Estado de México,México,1,01/02/2025
542,  laura  ,Núñez,laura.nunez542@example.org,7222633223,Guadalajara,Jalisco,México,1,28/08/2023
32,Luis,Núñez,,7229974339,Toluca,Estado de México,México,0,05/10/2022
760,Ana,Núñez,ana.nunez760@correo.mx,7222851011,CDMX,Ciudad de México,México,1,26/11/2022
618,José,Hernández,jose.hernandez618@empresa.com,7225818557,Metepec,Estado de México,México,1,05/01/2025
328,Iñaki,  Vargas  ,inaki.vargas328@example.org,7221632546,Mérida,Yucatán,México,1,17/05/2025
511,MÓNICA,DÍAZ,monica.diaz511@empresa.com,7222657383,Guadalajara,Jalisco,México,1,16/09/2025
690,Jorge,  Vargas  ,jorge.vargas690@ventas.net,7224853290,Querétaro,Querétaro,México,1,28/09/2025
705,Ana,Muñoz,ana.munoz705@empresa.com,7227728441,CDMX,Ciudad de México,México,1,12/09/2025
432,Ángel,DÍAZ,angel.diaz432@example.org,7229264670,Monterrey,Nuevo León,México,1,14/03/2021
685,Jorge,  Vargas  ,jorge.vargas685@empresa.com,7225433270,Puebla,Puebla,México,1,07/09/2021
52,Iñaki,Ramírez,,7226807053,Monterrey,Nuevo León,México,1,14/06/2025
321,  laura  ,García,laura.garcia321@example.org,7226042122,Metepec,Estado de México,México,1,18/12/2025
42,ramón,De la Cruz,,7226223750,CDMX,Ciudad de México,México,0,03/09/2025
435,Valeria,De la Cruz,valeria.delacruz435@ventas.net,7223761207,CDMX,Ciudad de México,México,1,14/10/2022
271,Óscar,Sánchez,oscar.sanchez271@example.org,7225743659,Querétaro,Querétaro,México,1,15/11/2023
451,Ángel,Hernández,angel.hernandez451@ventas.net,7229483810,Toluca,Estado de México,México,1,24/01/2023
318,  laura  ,Pérez,laura.perez318@ventas.net,7225883465,Metepec,Estado de México,México,1,19/08/2024
888,  JOSÉ  ,García,jose.garcia888@correo.mx,7227085670,Tijuana,Baja California,México,1,09/05/2024
716,MÓNICA,De la Cruz,monica.delacruz716@ventas.net,7223515206,León,Guanajuato,México,1,20/12/2021
385,Ángel,De la Cruz,angel.delacruz385@correo.mx,7221981136,CDMX,Ciudad de México,México,1,09/01/2026
223,Miguel,O'Connor,miguel.oconnor223@ventas.net,7228158240,Querétaro,Querétaro,México,1,23/12/2021
863,DANIELA,Núñez,daniela.nunez863@example.org,7223230004,Mérida,Yucatán,México,1,02/01/2021
662,Óscar,DÍAZ,oscar.diaz662@empresa.com,7222707772,Toluca,Estado de México,México,1,26/01/2022
523,Lucía,López,lucia.lopez523@correo.mx,7221758182,Mérida,Yucatán,México,1,30/06/2021
534,Carlos,López,carlos.lopez534@example.org,7229101826,Querétaro,Querétaro,México,1,10/08/2024
310,María,O'Connor,maria.oconnor310@empresa.com,7222133306,Tijuana,Baja California,México,1,05/03/2023
395,Ángel,castillo,angel.castillo395@empresa.com,7223995044,Querétaro,Querétaro,México,1,01/11/2022
770,Renée,O'Connor,renee.oconnor770@example.org,7228307979,Toluca,Estado de México,México,1,15/02/2022
376,Valeria,De la Cruz,valeria.delacruz376@ventas.net,7221374047,Guadalajara,Jalisco,México,1,01/03/2023
325,DANIELA,Ramírez,daniela.ramirez325@correo.mx,7229493083,Guadalajara,Jalisco,México,1,13/07/2022
572,  laura  ,DÍAZ,laura.diaz572@example.org,7228027823,León,Guanajuato,México,1,08/06/2023
784,Ana,O'Connor,ana.oconnor784@ventas.net,7229892370,Guadalajara,Jalisco,México,1,15/06/2025
88,MÓNICA,Martínez,,7228433644,León,Guanajuato,México,1,20/05/2024
188,DANIELA,DÍAZ,daniela.diaz188@correo.mx,7229025166,León,Guanajuato,México,1,17/08/2024
263,Miguel,Hernández,miguel.hernandez263@example.org,7229942243,Monterrey,Nuevo León,México,1,07/04/2026
766,Ana,Torres,ana.torres766@example.org,7227171848,Mérida,Yucatán,México,1,16/03/2025
846,Zoë,Pérez,zoe.perez846@empresa.com,7228416588,Mérida,Yucatán,México,1,06/12/2021
264,Lucía,Sánchez,lucia.sanchez264@example.org,7222650307,Guadalajara,Jalisco,México,1,04/02/2022
221,Valeria,Núñez,valeria.nunez221@empresa.com,7223720159,Querétaro,Querétaro,México,1,21/02/2026
278,  laura  ,Ramírez,laura.ramirez278@ventas.net,7228064251,Mérida,Yucatán,México,1,01/04/2021
266,  laura  ,Ramírez,laura.ramirez266@example.org,7223321897,Toluca,Estado de México,México,1,07/05/2023
218,MÓNICA,Sánchez,monica.sanchez218@ventas.net,7225864367,Mérida,Yucatán,México,1,20/05/2024
449,DANIELA,  Vargas  ,daniela.vargas449@empresa.com,7224650068,Puebla,Puebla,México,1,07/04/2024
431,  RENÉE  ,Hernández,renee.hernandez431@example.org,7228253262,CDMX,Ciudad de México,México,1,03/07/2021
57,Valeria,O'Connor,,7226706812,Mérida,Yucatán,México,1,06/05/2026
135,Lucía,O'Connor,lucia.oconnor135@example.org,7222101974,Puebla,Puebla,México,1,08/05/2026
455,Lucía,castillo,lucia.castillo455@example.org,7221943325,Guadalajara,Jalisco,México,1,23/04/2024
524,Miguel,Muñoz,miguel.munoz524@correo.mx,7227078403,Tijuana,Baja California,México,1,30/09/2023
397,Lucía,Pérez,lucia.perez397@example.org,7227999568,Puebla,Puebla,México,1,29/11/2025
119,ramón,Martínez,ramon.martinez119@example.org,7224729762,Mérida,Yucatán,México,1,23/05/2024
633,ramón,De la Cruz,ramon.delacruz633@ventas.net,7224555811,Metepec,Estado de México,México,1,20/01/2024
300,DANIELA,Núñez,daniela.nunez300@empresa.com,7225265224,Querétaro,Querétaro,México,1,10/12/2021
718,Miguel,O'Connor,miguel.oconnor718@correo.mx,7224120283,León,Guanajuato,México,1,15/01/2026
410,María,castillo,maria.castillo410@example.org,7226513769,Metepec,Estado de México,México,1,29/11/2022
638,José,Ramírez,jose.ramirez638@empresa.com,7221658077,Tijuana,Baja California,México,1,20/10/2022
1,MÓNICA,Torres,,7225026779,Toluca,Estado de México,México,0,14/02/2025
536,María,Pérez,maria.perez536@example.org,7229710896,Guadalajara,Jalisco,México,1,24/05/2025
293,Lucía,García,lucia.garcia293@ventas.net,7221971530,León,Guanajuato,México,1,28/01/2024
368,Valeria,Hernández,valeria.hernandez368@empresa.com,7225055168,Querétaro,Querétaro,México,1,03/09/2021
557,Lucía,Hernández,lucia.hernandez557@empresa.com,7225856776,León,Guanajuato,México,1,17/12/2024
297,Sofía,Hernández,sofia.hernandez297@correo.mx,7222255882,Puebla,Puebla,México,1,08/03/2024
258,Renée,Hernández,renee.hernandez258@empresa.com,7221174666,Toluca,Estado de México,México,1,14/06/2021
457,Lucía,De la Cruz,lucia.delacruz457@ventas.net,7228383716,Guadalajara,Jalisco,México,1,22/01/2024
363,  DANIELA  ,Sánchez,daniela.sanchez363@example.org,7229480205,Tijuana,Baja California,México,1,30/03/2021
2,  DANIELA  ,Núñez,,7228394987,Querétaro,Querétaro,México,0,22/03/2024
697,Renée,Sánchez,renee.sanchez697@empresa.com,7221022177,Toluca,Estado de México,México,1,15/09/2023
55,ramón,García,,7227641900,CDMX,Ciudad de México,México,1,01/06/2023
545,Renée,López,renee.lopez545@example.org,7229179424,Toluca,Estado de México,México,1,27/12/2025
510,Ana,García,ana.garcia510@correo.mx,7226401306,Querétaro,Querétaro,México,1,09/04/2022
202,Miguel,castillo,miguel.castillo202@example.org,7223570916,Metepec,Estado de México,México,1,23/02/2024
66,Miguel,García,,7222241788,Querétaro,Querétaro,México,1,02/02/2025
721,Valeria,DÍAZ,valeria.diaz721@empresa.com,7223022492,CDMX,Ciudad de México,México,1,21/12/2025
871,Ana,Torres,ana.torres871@ventas.net,7227927208,León,Guanajuato,México,1,13/08/2021
8,Óscar,DÍAZ,,7225253824,Mérida,Yucatán,México,0,23/07/2023
37,fernando,Martínez,,7223797542,Guadalajara,Jalisco,México,0,16/02/2026
889,Iñaki,Martínez,inaki.martinez889@correo.mx,7224426232,Tijuana,Baja California,México,1,05/04/2022
50,Jorge,Muñoz,,7225652090,Querétaro,Querétaro,México,0,02/10/2022
226,Iñaki,Hernández,inaki.hernandez226@empresa.com,7223444613,Tijuana,Baja California,México,1,08/04/2023
506,Óscar,  Vargas  ,oscar.vargas506@example.org,7227012894,Toluca,Estado de México,México,1,07/11/2024
110,José,DÍAZ,jose.diaz110@example.org,7224801649,Monterrey,Nuevo León,México,1,27/01/2026
566,fernando,Ramírez,fernando.ramirez566@correo.mx,7227322447,Metepec,Estado de México,México,1,30/12/2022
327,Renée,Pérez,renee.perez327@ventas.net,7222264113,CDMX,Ciudad de México,México,1,01/05/2021
485,Renée,Sánchez,renee.sanchez485@ventas.net,7222495788,Puebla,Puebla,México,1,04/02/2023
366,Jorge,Núñez,jorge.nunez366@correo.mx,7225708388,Puebla,Puebla,México,1,20/03/2022
256,Zoë,Muñoz,zoe.munoz256@correo.mx,7221242348,Monterrey,Nuevo León,México,1,16/02/2022
482,Lucía,Torres,lucia.torres482@correo.mx,7221163628,Querétaro,Querétaro,México,1,02/05/2024
323,Valeria,Hernández,valeria.hernandez323@ventas.net,7221253293,Querétaro,Querétaro,México,1,17/11/2024
487,  laura  ,castillo,laura.castillo487@correo.mx,7227439002,Guadalajara,Jalisco,México,1,03/01/2025
851,ramón,García,ramon.garcia851@example.org,7222138434,CDMX,Ciudad de México,México,1,27/01/2022
806,  laura  ,Ramírez,laura.ramirez806@ventas.net,7221906603,CDMX,Ciudad de México,México,1,08/02/2021
434,Carlos,Sánchez,carlos.sanchez434@correo.mx,7222543212,León,Guanajuato,México,1,05/10/2025
87,Iñaki,DÍAZ,,7221119069,Mérida,Yucatán,México,1,25/10/2025
679,ramón,Martínez,ramon.martinez679@ventas.net,7225181994,Tijuana,Baja California,México,1,13/12/2022
691,Ana,Sánchez,ana.sanchez691@ventas.net,7221001091,Tijuana,Baja California,México,1,20/08/2023
360,Renée,Pérez,renee.perez360@empresa.com,7226167118,Monterrey,Nuevo León,México,1,14/07/2021
48,Zoë,Martínez,,7221194819,Puebla,Puebla,México,0,26/04/2025
730,Zoë,DÍAZ,zoe.diaz730@ventas.net,7228121704,Guadalajara,Jalisco,México,1,11/11/2022
51,Renée,Martínez,,7227629950,Querétaro,Querétaro,México,1,12/11/2024
492,Miguel,Núñez,miguel.nunez492@empresa.com,7221734138,Mérida,Yucatán,México,1,04/11/2021
47,Ángel,Hernández,,7225323872,CDMX,Ciudad de México,México,0,17/08/2025
291,Renée,De la Cruz,renee.delacruz291@correo.mx,7225654360,León,Guanajuato,México,1,03/11/2024
744,Miguel,Martínez,miguel.martinez744@correo.mx,7227260327,Querétaro,Querétaro,México,1,30/11/2023
699,Miguel,Núñez,miguel.nunez699@example.org,7222210625,Mérida,Yucatán,México,1,30/01/2022
501,María,Hernández,maria.hernandez501@ventas.net,7228260227,Guadalajara,Jalisco,México,1,26/03/2022
177,Ángel,López,angel.lopez177@example.org,7227585586,Tijuana,Baja California,México,1,20/03/2024
251,DANIELA,García,daniela.garcia251@example.org,7226906994,Mérida,Yucatán,México,1,16/05/2021
841,Lucía,Sánchez,lucia.sanchez841@example.org,7222361924,León,Guanajuato,México,1,18/11/2021
444,  DANIELA  ,  Vargas  ,daniela.vargas444@correo.mx,7221758578,Querétaro,Querétaro,México,1,29/09/2024
377,DANIELA,Torres,daniela.torres377@empresa.com,7223835577,León,Guanajuato,México,1,07/09/2021
97,DANIELA,O'Connor,,7229762940,Puebla,Puebla,México,1,06/10/2022
234,Zoë,Muñoz,zoe.munoz234@example.org,7224141683,Monterrey,Nuevo León,México,1,25/07/2022
853,  JORGE  ,Martínez,jorge.martinez853@empresa.com,7227997067,Metepec,Estado de México,México,1,06/08/2024
375,DANIELA,castillo,daniela.castillo375@empresa.com,7221430371,Guadalajara,Jalisco,México,1,20/04/2022
161,DANIELA,DÍAZ,daniela.diaz161@example.org,7224771538,Monterrey,Nuevo León,México,1,12/09/2023
338,  laura  ,De la Cruz,laura.delacruz338@empresa.com,7226735062,León,Guanajuato,México,1,11/07/2022
318,  LAURA  ,Pérez,laura.perez318@ventas.net,7225883465,Metepec,Estado de México,México,1,19/08/2024
837,fernando,  Vargas  ,fernando.vargas837@correo.mx,7226719032,Guadalajara,Jalisco,México,1,07/11/2023
156,ramón,O'Connor,ramon.oconnor156@ventas.net,7223995360,Toluca,Estado de México,México,1,26/11/2025
883,Miguel,López,miguel.lopez883@example.org,7224217674,Querétaro,Querétaro,México,1,26/03/2021
793,fernando,Torres,fernando.torres793@correo.mx,7221356519,Monterrey,Nuevo León,México,1,11/08/2023
795,  LUCÍA  ,DÍAZ,lucia.diaz795@empresa.com,7229032177,Metepec,Estado de México,México,1,21/06/2021
754,Miguel,De la Cruz,miguel.delacruz754@ventas.net,7224706109,Guadalajara,Jalisco,México,1,28/04/2026
314,Lucía,De la Cruz,lucia.delacruz314@example.org,7225700483,Metepec,Estado de México,México,1,10/09/2021
370,Miguel,Muñoz,miguel.munoz370@correo.mx,7225043399,Querétaro,Querétaro,México,1,23/08/2022
793,  FERNANDO  ,Torres,fernando.torres793@correo.mx,7221356519,Monterrey,Nuevo León,México,1,11/08/2023
593,  JORGE  ,castillo,jorge.castillo593@ventas.net,7225495096,Puebla,Puebla,México,1,14/12/2023
867,Ángel,Sánchez,angel.sanchez867@ventas.net,7225457834,Metepec,Estado de México,México,1,08/05/2025
712,ramón,Núñez,ramon.nunez712@example.org,7221141523,Querétaro,Querétaro,México,1,13/06/2024
663,José,Pérez,jose.perez663@ventas.net,7221308230,Querétaro,Querétaro,México,1,12/04/2025
380,fernando,  Vargas  ,fernando.vargas380@example.org,7225509188,Tijuana,Baja California,México,1,15/02/2024
868,Valeria,Martínez,valeria.martinez868@example.org,7228098490,Guadalajara,Jalisco,México,1,24/05/2026
379,MÓNICA,castillo,monica.castillo379@example.org,7223351194,Tijuana,Baja California,México,1,05/11/2022
126,Zoë,Martínez,zoe.martinez126@ventas.net,7225540382,Guadalajara,Jalisco,México,1,30/12/2025
475,  ANA  ,Ramírez,ana.ramirez475@empresa.com,7223964001,Monterrey,Nuevo León,México,1,27/03/2025
590,Iñaki,López,inaki.lopez590@correo.mx,7221412053,León,Guanajuato,México,1,02/01/2021
720,María,  Vargas  ,maria.vargas720@ventas.net,7221173393,Metepec,Estado de México,México,1,03/01/2025
516,  ÓSCAR  ,Sánchez,oscar.sanchez516@ventas.net,7229849542,Metepec,Estado de México,México,1,25/05/2021
797,Zoë,DÍAZ,zoe.diaz797@example.org,7229422318,León,Guanajuato,México,1,11/02/2025
290,ramón,Pérez,ramon.perez290@example.org,7224442595,CDMX,Ciudad de México,México,1,25/07/2023
168,Ana,Pérez,ana.perez168@example.org,7226549072,Monterrey,Nuevo León,México,1,14/08/2025
664,Luis,De la Cruz,luis.delacruz664@ventas.net,7226095577,Querétaro,Querétaro,México,1,21/06/2022
522,fernando,castillo,fernando.castillo522@example.org,7224881046,CDMX,Ciudad de México,México,1,23/07/2022
724,Sofía,Sánchez,sofia.sanchez724@ventas.net,7229440635,Puebla,Puebla,México,1,26/09/2024
855,Ana,Torres,ana.torres855@ventas.net,7227525537,Monterrey,Nuevo León,México,1,20/05/2021
286,Ángel,García,angel.garcia286@example.org,7222304979,Tijuana,Baja California,México,1,05/11/2021
802,Zoë,Torres,zoe.torres802@ventas.net,7222087482,CDMX,Ciudad de México,México,1,11/10/2024
243,Valeria,López,valeria.lopez243@empresa.com,7223480035,León,Guanajuato,México,1,08/06/2024
281,Ángel,Hernández,angel.hernandez281@example.org,7222588987,Guadalajara,Jalisco,México,1,11/12/2024
865,DANIELA,Pérez,daniela.perez865@example.org,7225144568,Tijuana,Baja California,México,1,21/10/2024
579,Zoë,castillo,zoe.castillo579@correo.mx,7228049594,CDMX,Ciudad de México,México,1,07/04/2022
326,Lucía,Martínez,lucia.martinez326@ventas.net,7223545868,Mérida,Yucatán,México,1,01/08/2022
295,José,Núñez,jose.nunez295@example.org,7222294331,Tijuana,Baja California,México,1,24/05/2026
359,María,Hernández,maria.hernandez359@example.org,7221984453,Guadalajara,Jalisco,México,1,07/02/2022
615,Lucía,Ramírez,lucia.ramirez615@ventas.net,7222375680,CDMX,Ciudad de México,México,1,30/11/2025
192,Carlos,castillo,carlos.castillo192@ventas.net,7227775957,León,Guanajuato,México,1,14/11/2022
149,María,Ramírez,maria.ramirez149@correo.mx,7225485111,Mérida,Yucatán,México,1,24/06/2022
678,Zoë,Sánchez,zoe.sanchez678@correo.mx,7227937046,León,Guanajuato,México,1,06/10/2021
200,Óscar,Torres,oscar.torres200@ventas.net,7226409102,Querétaro,Querétaro,México,1,09/12/2024
23,José,Hernández,,7221208822,León,Guanajuato,México,0,19/04/2021
93,Miguel,Ramírez,,7229605425,Toluca,Estado de México,México,1,02/12/2021
329,María,O'Connor,maria.oconnor329@ventas.net,7226488921,Metepec,Estado de México,México,1,20/05/2025
331,Luis,Ramírez,luis.ramirez331@example.org,7224802593,Monterrey,Nuevo León,México,1,21/07/2024
733,Óscar,López,oscar.lopez733@empresa.com,7226934322,Mérida,Yucatán,México,1,25/07/2024
496,Luis,López,luis.lopez496@example.org,7225132667,Guadalajara,Jalisco,México,1,12/10/2025
176,ramón,O'Connor,ramon.oconnor176@correo.mx,7227984231,León,Guanajuato,México,1,27/04/2023
143,María,López,maria.lopez143@correo.mx,7225795936,Querétaro,Querétaro,México,1,10/10/2023
35,Valeria,López,,7224935620,Tijuana,Baja California,México,0,20/01/2021
95,Lucía,Martínez,,7222764175,Mérida,Yucatán,México,1,22/11/2025
747,DANIELA,Martínez,daniela.martinez747@ventas.net,7224538402,León,Guanajuato,México,1,29/12/2023
688,Lucía,  Vargas  ,lucia.vargas688@correo.mx,7229829828,León,Guanajuato,México,1,08/09/2025
512,MÓNICA,Muñoz,monica.munoz512@ventas.net,7223603667,CDMX,Ciudad de México,México,1,23/11/2021
491,MÓNICA,O'Connor,monica.oconnor491@empresa.com,7226526165,Mérida,Yucatán,México,1,31/12/2024
99,Óscar,  Vargas  ,,7226324180,Querétaro,Querétaro,México,1,19/09/2021
151,Carlos,Muñoz,carlos.munoz151@ventas.net,7224671827,León,Guanajuato,México,1,06/06/2024
875,Carlos,Martínez,carlos.martinez875@empresa.com,7224445300,Metepec,Estado de México,México,1,26/12/2025
584,Miguel,López,miguel.lopez584@correo.mx,7228497504,Mérida,Yucatán,México,1,12/03/2021
628,José,Muñoz,jose.munoz628@example.org,7223264445,León,Guanajuato,México,1,21/05/2024
872,fernando,Hernández,fernando.hernandez872@empresa.com,7224208846,Puebla,Puebla,México,1,17/12/2023
343,Zoë,castillo,zoe.castillo343@empresa.com,7226618454,Guadalajara,Jalisco,México,1,22/04/2022
324,fernando,DÍAZ,fernando.diaz324@empresa.com,7225236571,Guadalajara,Jalisco,México,1,09/09/2023
790,Carlos,López,carlos.lopez790@example.org,7225856997,Metepec,Estado de México,México,1,20/10/2024
749,Ángel,DÍAZ,angel.diaz749@correo.mx,7223830734,Monterrey,Nuevo León,México,1,14/06/2025
361,Sofía,O'Connor,sofia.oconnor361@empresa.com,7225905056,León,Guanajuato,México,1,12/01/2022
229,Sofía,DÍAZ,sofia.diaz229@example.org,7227790044,Metepec,Estado de México,México,1,14/02/2022
564,Jorge,Núñez,jorge.nunez564@correo.mx,7226702865,Querétaro,Querétaro,México,1,27/05/2025
529,Ángel,castillo,angel.castillo529@example.org,7222723957,Toluca,Estado de México,México,1,27/06/2022
420,Lucía,  Vargas  ,lucia.vargas420@empresa.com,7226156791,Mérida,Yucatán,México,1,16/12/2023
775,José,Núñez,jose.nunez775@example.org,7225873617,CDMX,Ciudad de México,México,1,01/03/2023
309,José,Núñez,jose.nunez309@empresa.com,7228336022,Querétaro,Querétaro,México,1,19/08/2023
701,Luis,Muñoz,luis.munoz701@empresa.com,7227077405,Metepec,Estado de México,México,1,24/01/2026
769,Zoë,O'Connor,zoe.oconnor769@ventas.net,7221779615,Mérida,Yucatán,México,1,01/05/2024
644,María,Pérez,maria.perez644@ventas.net,7224786161,Querétaro,Querétaro,México,1,20/11/2022
310,María,O'Connor,maria.oconnor310@empresa.com,7222133306,Tijuana,Baja California,México,1,05/03/2023
228,Iñaki,García,inaki.garcia228@ventas.net,7229750625,Metepec,Estado de México,México,1,06/12/2025
574,Jorge,López,jorge.lopez574@ventas.net,7222487068,Mérida,Yucatán,México,1,23/11/2023
178,Ángel,López,angel.lopez178@example.org,7227043771,Puebla,Puebla,México,1,13/07/2021
114,Miguel,Torres,miguel.torres114@empresa.com,7226681959,Toluca,Estado de México,México,1,14/04/2021
203,Ana,O'Connor,ana.oconnor203@example.org,7225230721,Monterrey,Nuevo León,México,1,02/05/2024
671,Renée,De la Cruz,renee.delacruz671@correo.mx,7227636051,León,Guanajuato,México,1,15/05/2026
324,fernando,DÍAZ,fernando.diaz324@empresa.com,7225236571,Guadalajara,Jalisco,México,1,09/09/2023
845,MÓNICA,García,monica.garcia845@correo.mx,7223115606,León,Guanajuato,México,1,09/09/2022
186,Carlos,  Vargas  ,carlos.vargas186@ventas.net,7227295682,Tijuana,Baja California,México,1,23/07/2025
393,MÓNICA,Pérez,monica.perez393@example.org,7224401347,CDMX,Ciudad de México,México,1,09/01/2026
773,José,De la Cruz,jose.delacruz773@correo.mx,7223325498,Querétaro,Querétaro,México,1,08/01/2025
856,  laura  ,castillo,laura.castillo856@correo.mx,7226811854,Mérida,Yucatán,México,1,18/01/2024
507,Zoë,Torres,zoe.torres507@empresa.com,7225724777,Mérida,Yucatán,México,1,03/09/2022
583,Zoë,De la Cruz,zoe.delacruz583@example.org,7228999067,Metepec,Estado de México,México,1,17/05/2023
765,ramón,Torres,ramon.torres765@example.org,7223289230,León,Guanajuato,México,1,19/02/2026
312,José,De la Cruz,jose.delacruz312@empresa.com,7221008666,León,Guanajuato,México,1,08/09/2024
675,ramón,Ramírez,ramon.ramirez675@example.org,7223589706,Mérida,Yucatán,México,1,21/09/2025
695,José,castillo,jose.castillo695@ventas.net,7226910945,Puebla,Puebla,México,1,01/02/2025
895,Iñaki,García,inaki.garcia895@empresa.com,7221024764,Puebla,Puebla,México,1,16/10/2022
417,  laura  ,García,laura.garcia417@correo.mx,7227380807,Monterrey,Nuevo León,México,1,22/07/2021
70,Lucía,Martínez,,7228081969,Monterrey,Nuevo León,México,1,20/02/2026
718,Miguel,O'Connor,miguel.oconnor718@correo.mx,7224120283,León,Guanajuato,México,1,15/01/2026
334,DANIELA,Martínez,daniela.martinez334@empresa.com,7227348961,Toluca,Estado de México,México,1,09/06/2021
676,Carlos,Martínez,carlos.martinez676@correo.mx,7226888576,León,Guanajuato,México,1,08/01/2025
555,fernando,De la Cruz,fernando.delacruz555@ventas.net,7223272232,Tijuana,Baja California,México,1,23/08/2022
490,Miguel,Hernández,miguel.hernandez490@example.org,7226685667,Guadalajara,Jalisco,México,1,28/01/2026
139,Luis,De la Cruz,luis.delacruz139@empresa.com,7225578693,CDMX,Ciudad de México,México,1,17/11/2022
80,fernando,Torres,,7225838474,Puebla,Puebla,México,1,15/11/2025
658,Valeria,Pérez,valeria.perez658@example.org,7222653454,Puebla,Puebla,México,1,22/04/2025
460,fernando,Ramírez,fernando.ramirez460@ventas.net,7228532432,Mérida,Yucatán,México,1,19/11/2022
402,Miguel,Hernández,miguel.hernandez402@ventas.net,7229102661,Metepec,Estado de México,México,1,11/08/2025
761,Ángel,Muñoz,angel.munoz761@example.org,7227387959,León,Guanajuato,México,1,31/12/2025
459,José,De la Cruz,jose.delacruz459@example.org,7229479377,León,Guanajuato,México,1,30/05/2022
2,DANIELA,Núñez,,7228394987,Querétaro,Querétaro,México,0,22/03/2024
242,MÓNICA,Pérez,monica.perez242@empresa.com,7225102808,León,Guanajuato,México,1,16/11/2024
425,ramón,Ramírez,ramon.ramirez425@example.org,7224356958,Guadalajara,Jalisco,México,1,08/01/2021
10,Ana,López,,7228966174,CDMX,Ciudad de México,México,0,03/04/2025
858,  laura  ,O'Connor,laura.oconnor858@correo.mx,7225645138,Puebla,Puebla,México,1,26/04/2024
631,  JOSÉ  ,Ramírez,jose.ramirez631@example.org,7226036495,Guadalajara,Jalisco,México,1,07/05/2025
668,ramón,García,ramon.garcia668@correo.mx,7225441680,CDMX,Ciudad de México,México,1,10/06/2023
164,Valeria,Pérez,valeria.perez164@ventas.net,7227199587,CDMX,Ciudad de México,México,1,28/03/2025
538,Jorge,  Vargas  ,jorge.vargas538@example.org,7227505732,Monterrey,Nuevo León,México,1,30/05/2023
669,Luis,O'Connor,luis.oconnor669@example.org,7224723707,Mérida,Yucatán,México,1,20/06/2024
812,Óscar,Muñoz,oscar.munoz812@empresa.com,7223633154,Monterrey,Nuevo León,México,1,14/09/2023
755,fernando,Pérez,fernando.perez755@correo.mx,7222749967,Guadalajara,Jalisco,México,1,25/07/2023
552,Valeria,O'Connor,valeria.oconnor552@ventas.net,7222564393,Querétaro,Querétaro,México,1,08/08/2023
822,ramón,Muñoz,ramon.munoz822@empresa.com,7229024241,Tijuana,Baja California,México,1,07/02/2022
768,DANIELA,Ramírez,daniela.ramirez768@ventas.net,7223983937,Metepec,Estado de México,México,1,30/03/2024
874,MÓNICA,DÍAZ,monica.diaz874@example.org,7222115844,Toluca,Estado de México,México,1,27/04/2024
636,Iñaki,Torres,inaki.torres636@correo.mx,7229067527,León,Guanajuato,México,1,18/08/2024
60,fernando,Núñez,,7229370321,Monterrey,Nuevo León,México,1,15/04/2024
741,fernando,O'Connor,fernando.oconnor741@ventas.net,7223485846,Monterrey,Nuevo León,México,1,06/11/2025
248,DANIELA,Pérez,daniela.perez248@correo.mx,7229229680,Puebla,Puebla,México,1,16/05/2022
879,Lucía,castillo,lucia.castillo879@empresa.com,7226034471,Querétaro,Querétaro,México,1,26/09/2025
261,Valeria,Torres,valeria.torres261@correo.mx,7222993480,Toluca,Estado de México,México,1,25/09/2024
880,Valeria,López,valeria.lopez880@example.org,7221160279,Monterrey,Nuevo León,México,1,02/09/2023
830,Ángel,  Vargas  ,angel.vargas830@empresa.com,7227371875,Tijuana,Baja California,México,1,03/11/2021
587,Ángel,López,angel.lopez587@correo.mx,7223167421,Puebla,Puebla,México,1,04/12/2022
274,MÓNICA,Pérez,monica.perez274@correo.mx,7228498776,Querétaro,Querétaro,México,1,06/03/2024
108,  laura  ,Muñoz,laura.munoz108@empresa.com,7222160966,Tijuana,Baja California,México,1,18/01/2025
374,Zoë,Ramírez,zoe.ramirez374@correo.mx,7224992428,Toluca,Estado de México,México,1,27/04/2025
854,MÓNICA,García,monica.garcia854@empresa.com,7223016396,Metepec,Estado de México,México,1,02/10/2025
378,Luis,Pérez,luis.perez378@example.org,7229447280,Mérida,Yucatán,México,1,13/11/2024
257,Miguel,  Vargas  ,miguel.vargas257@ventas.net,7221125703,Tijuana,Baja California,México,1,03/11/2022
779,Ángel,DÍAZ,angel.diaz779@ventas.net,7223926547,León,Guanajuato,México,1,30/01/2022
603,Sofía,DÍAZ,sofia.diaz603@correo.mx,7223768012,CDMX,Ciudad de México,México,1,31/03/2023
280,María,De la Cruz,maria.delacruz280@ventas.net,7222909723,CDMX,Ciudad de México,México,1,16/02/2025
364,  MÓNICA  ,De la Cruz,monica.delacruz364@empresa.com,7226308208,Toluca,Estado de México,México,1,19/05/2025
629,Ángel,castillo,angel.castillo629@empresa.com,7223809929,Monterrey,Nuevo León,México,1,29/03/2023
843,Renée,DÍAZ,renee.diaz843@ventas.net,7224273736,León,Guanajuato,México,1,15/03/2024
353,Ángel,García,angel.garcia353@correo.mx,7225575060,CDMX,Ciudad de México,México,1,17/02/2022
198,Iñaki,Hernández,inaki.hernandez198@example.org,7222719376,León,Guanajuato,México,1,07/01/2025
428,Ángel,DÍAZ,angel.diaz428@ventas.net,7228964493,Puebla,Puebla,México,1,22/12/2024
464,Miguel,Hernández,miguel.hernandez464@ventas.net,7224847177,Toluca,Estado de México,México,1,30/12/2025
750,Sofía,DÍAZ,sofia.diaz750@ventas.net,7224388487,Metepec,Estado de México,México,1,31/10/2023
170,DANIELA,Muñoz,daniela.munoz170@correo.mx,7229212355,Toluca,Estado de México,México,1,03/04/2022
98,Valeria,Martínez,,7228495581,Puebla,Puebla,México,1,23/07/2025
112,  laura  ,García,laura.garcia112@empresa.com,7225306522,Puebla,Puebla,México,1,17/03/2022
241,Lucía,Muñoz,lucia.munoz241@correo.mx,7229381395,Tijuana,Baja California,México,1,06/03/2024
674,Luis,  Vargas  ,luis.vargas674@correo.mx,7225954085,Metepec,Estado de México,México,1,25/10/2022
355,fernando,Torres,fernando.torres355@example.org,7224737145,Monterrey,Nuevo León,México,1,27/03/2023
577,Óscar,Muñoz,oscar.munoz577@empresa.com,7226453270,Puebla,Puebla,México,1,03/10/2022
860,Luis,  Vargas  ,luis.vargas860@example.org,7225298203,Toluca,Estado de México,México,1,07/07/2021
225,Carlos,DÍAZ,carlos.diaz225@correo.mx,7224224500,Monterrey,Nuevo León,México,1,24/12/2022
708,Ana,DÍAZ,ana.diaz708@example.org,7224719586,Monterrey,Nuevo León,México,1,01/07/2021
62,Iñaki,DÍAZ,,7223665533,Querétaro,Querétaro,México,1,21/08/2022
899,Luis,O'Connor,luis.oconnor899@ventas.net,7222319685,Toluca,Estado de México,México,1,15/11/2021
49,ramón,  Vargas  ,,7225260102,Tijuana,Baja California,México,0,23/05/2023
147,Jorge,Pérez,jorge.perez147@empresa.com,7221294476,Puebla,Puebla,México,1,27/11/2023
238,  LUCÍA  ,Hernández,lucia.hernandez238@example.org,7228091181,Toluca,Estado de México,México,1,03/06/2025
816,fernando,Hernández,fernando.hernandez816@ventas.net,7222716346,León,Guanajuato,México,1,16/02/2026
251,  DANIELA  ,García,daniela.garcia251@example.org,7226906994,Mérida,Yucatán,México,1,16/05/2021
828,Zoë,De la Cruz,zoe.delacruz828@ventas.net,7227312342,León,Guanajuato,México,1,28/01/2021
483,Lucía,Torres,lucia.torres483@empresa.com,7222911747,Puebla,Puebla,México,1,05/04/2022
230,Carlos,Torres,carlos.torres230@ventas.net,7224980872,Toluca,Estado de México,México,1,09/01/2023
876,Sofía,Núñez,sofia.nunez876@correo.mx,7223427822,Metepec,Estado de México,México,1,23/03/2021
61,Sofía,Hernández,,7228459995,Querétaro,Querétaro,México,1,11/03/2023
735,  laura  ,García,laura.garcia735@correo.mx,7227656953,Querétaro,Querétaro,México,1,28/07/2021
69,Lucía,De la Cruz,,7222606424,Toluca,Estado de México,México,1,03/03/2021
244,Óscar,Muñoz,oscar.munoz244@example.org,7222667814,Guadalajara,Jalisco,México,1,15/06/2022
890,  laura  ,Muñoz,laura.munoz890@example.org,7229622568,Toluca,Estado de México,México,1,24/12/2021
352,Zoë,castillo,zoe.castillo352@correo.mx,7229536959,Puebla,Puebla,México,1,15/08/2025
127,  laura  ,Núñez,laura.nunez127@example.org,7221785960,Monterrey,Nuevo León,México,1,03/03/2022
13,Jorge,O'Connor,,7223562914,Monterrey,Nuevo León,México,0,03/09/2023
29,DANIELA,López,,7227892659,CDMX,Ciudad de México,México,0,25/03/2026
665,  laura  ,Núñez,laura.nunez665@example.org,7227310779,Monterrey,Nuevo León,México,1,21/09/2024
752,  laura  ,  Vargas  ,laura.vargas752@correo.mx,7226608995,Toluca,Estado de México,México,1,24/05/2023
92,José,López,,7227037910,Puebla,Puebla,México,1,17/02/2025
466,Iñaki,De la Cruz,inaki.delacruz466@correo.mx,7224018919,Toluca,Estado de México,México,1,06/11/2025
111,Miguel,Hernández,miguel.hernandez111@example.org,7223457773,Querétaro,Querétaro,México,1,16/11/2021
570,Valeria,Núñez,valeria.nunez570@ventas.net,7226154545,Toluca,Estado de México,México,1,02/12/2022
268,  MÓNICA  ,  Vargas  ,monica.vargas268@empresa.com,7222925231,Tijuana,Baja California,México,1,30/04/2022
373,José,Martínez,jose.martinez373@correo.mx,7223470339,Toluca,Estado de México,México,1,23/06/2023
864,DANIELA,Pérez,daniela.perez864@example.org,7223190686,Toluca,Estado de México,México,1,21/05/2026
609,Valeria,Sánchez,valeria.sanchez609@ventas.net,7223281806,León,Guanajuato,México,1,13/05/2025
418,ramón,Muñoz,ramon.munoz418@ventas.net,7227762125,Querétaro,Querétaro,México,1,28/03/2022
788,fernando,Muñoz,fernando.munoz788@empresa.com,7221357574,Querétaro,Querétaro,México,1,18/05/2023
897,  laura  ,  Vargas  ,laura.vargas897@ventas.net,7225224682,Guadalajara,Jalisco,México,1,07/02/2024
5,Miguel,Pérez,,7221724554,CDMX,Ciudad de México,México,0,17/01/2023
71,Carlos,  Vargas  ,,7223580807,Querétaro,Querétaro,México,1,25/11/2022
369,José,Pérez,jose.perez369@correo.mx,7227602210,CDMX,Ciudad de México,México,1,25/02/2024
384,Valeria,Muñoz,valeria.munoz384@correo.mx,7221938824,Tijuana,Baja California,México,1,20/10/2024
861,ramón,De la Cruz,ramon.delacruz861@example.org,7221542109,Mérida,Yucatán,México,1,12/11/2023
335,María,Pérez,maria.perez335@empresa.com,7222272875,Guadalajara,Jalisco,México,1,17/06/2023
886,Renée,Torres,renee.torres886@empresa.com,7224913370,Monterrey,Nuevo León,México,1,26/07/2022
831,DANIELA,DÍAZ,daniela.diaz831@empresa.com,7222706277,Mérida,Yucatán,México,1,18/12/2025
63,José,Hernández,,7228116156,León,Guanajuato,México,1,10/10/2021
508,Iñaki,  Vargas  ,inaki.vargas508@example.org,7225480238,Puebla,Puebla,México,1,15/10/2022
388,Iñaki,  Vargas  ,inaki.vargas388@correo.mx,7227783025,Toluca,Estado de México,México,1,28/12/2022
594,Jorge,Hernández,jorge.hernandez594@ventas.net,7225748495,Tijuana,Baja California,México,1,14/09/2025
350,  IÑAKI  ,Muñoz,inaki.munoz350@empresa.com,7226199481,León,Guanajuato,México,1,25/01/2024
67,Sofía,Hernández,,7229521928,Guadalajara,Jalisco,México,1,28/02/2025
363,DANIELA,Sánchez,daniela.sanchez363@example.org,7229480205,Tijuana,Baja California,México,1,30/03/2021
551,MÓNICA,Pérez,monica.perez551@ventas.net,7226246369,Tijuana,Baja California,México,1,11/08/2022
877,Renée,O'Connor,renee.oconnor877@ventas.net,7226561367,Guadalajara,Jalisco,México,1,04/03/2023
239,José,Muñoz,jose.munoz239@empresa.com,7221607021,León,Guanajuato,México,1,01/03/2024
166,Jorge,Sánchez,jorge.sanchez166@empresa.com,7222945743,CDMX,Ciudad de México,México,1,19/11/2022
631,José,Ramírez,jose.ramirez631@example.org,7226036495,Guadalajara,Jalisco,México,1,07/05/2025
413,ramón,Ramírez,ramon.ramirez413@ventas.net,7223831755,Toluca,Estado de México,México,1,14/04/2023
528,Zoë,DÍAZ,zoe.diaz528@example.org,7225681630,León,Guanajuato,México,1,05/07/2022
499,Sofía,Pérez,sofia.perez499@example.org,7222853233,Querétaro,Querétaro,México,1,20/07/2023
880,Valeria,López,valeria.lopez880@example.org,7221160279,Monterrey,Nuevo León,México,1,02/09/2023
445,Lucía,Núñez,lucia.nunez445@empresa.com,7221716668,Mérida,Yucatán,México,1,04/09/2023
640,MÓNICA,DÍAZ,monica.diaz640@correo.mx,7225496512,León,Guanajuato,México,1,14/02/2021
502,Carlos,De la Cruz,carlos.delacruz502@example.org,7228611084,Metepec,Estado de México,México,1,08/01/2021
330,Lucía,  Vargas  ,lucia.vargas330@ventas.net,7226828137,Querétaro,Querétaro,México,1,21/02/2025
130,María,Hernández,maria.hernandez130@ventas.net,7225075291,Mérida,Yucatán,México,1,27/12/2023
681,Jorge,Hernández,jorge.hernandez681@example.org,7223091504,Monterrey,Nuevo León,México,1,26/08/2021
213,Jorge,Ramírez,jorge.ramirez213@correo.mx,7226191341,Querétaro,Querétaro,México,1,14/05/2024
59,María,  Vargas  ,,7223686171,Monterrey,Nuevo León,México,1,17/08/2023
518,Zoë,DÍAZ,zoe.diaz518@correo.mx,7224907527,CDMX,Ciudad de México,México,1,18/08/2024
406,DANIELA,O'Connor,daniela.oconnor406@ventas.net,7226122987,CDMX,Ciudad de México,México,1,26/03/2023
736,Jorge,Torres,jorge.torres736@empresa.com,7227186729,Mérida,Yucatán,México,1,15/05/2022
689,Valeria,castillo,valeria.castillo689@example.org,7227366396,Monterrey,Nuevo León,México,1,20/05/2023
704,Miguel,castillo,miguel.castillo704@ventas.net,7225778949,Tijuana,Baja California,México,1,01/06/2023
42,ramón,De la Cruz,,7226223750,CDMX,Ciudad de México,México,0,03/09/2025
707,DANIELA,Sánchez,daniela.sanchez707@example.org,7228806591,Monterrey,Nuevo León,México,1,29/01/2023
272,fernando,Sánchez,fernando.sanchez272@example.org,7221809992,Tijuana,Baja California,México,1,21/04/2022
775,  JOSÉ  ,Núñez,jose.nunez775@example.org,7225873617,CDMX,Ciudad de México,México,1,01/03/2023
639,Lucía,Torres,lucia.torres639@empresa.com,7224884892,Mérida,Yucatán,México,1,08/12/2023
36,ramón,Núñez,,7221686102,Querétaro,Querétaro,México,0,25/01/2025
216,Miguel,Martínez,miguel.martinez216@correo.mx,7227268498,Puebla,Puebla,México,1,25/11/2021
288,Ana,Núñez,ana.nunez288@empresa.com,7227644935,Querétaro,Querétaro,México,1,06/04/2026
520,Luis,Hernández,luis.hernandez520@example.org,7222195364,Querétaro,Querétaro,México,1,03/05/2025
381,Iñaki,Hernández,inaki.hernandez381@empresa.com,7222889552,Toluca,Estado de México,México,1,05/12/2024
894,Miguel,De la Cruz,miguel.delacruz894@ventas.net,7222021940,Tijuana,Baja California,México,1,30/08/2024
794,Renée,DÍAZ,renee.diaz794@correo.mx,7226216188,Tijuana,Baja California,México,1,14/05/2022
124,ramón,O'Connor,ramon.oconnor124@example.org,7229478442,León,Guanajuato,México,1,01/02/2022
541,Zoë,Pérez,zoe.perez541@ventas.net,7225757812,Monterrey,Nuevo León,México,1,31/08/2021
17,fernando,Torres,,7221143929,Metepec,Estado de México,México,0,28/02/2026
832,DANIELA,López,daniela.lopez832@example.org,7229436750,Puebla,Puebla,México,1,17/04/2021
399,María,López,maria.lopez399@example.org,7224295221,Monterrey,Nuevo León,México,1,01/07/2025
414,fernando,Muñoz,fernando.munoz414@empresa.com,7225469229,CDMX,Ciudad de México,México,1,23/07/2023
627,  laura  ,López,laura.lopez627@ventas.net,7228298167,Puebla,Puebla,México,1,26/02/2023
567,Ana,Hernández,ana.hernandez567@correo.mx,7221428206,Mérida,Yucatán,México,1,18/09/2022
14,Renée,DÍAZ,,7226069893,Tijuana,Baja California,México,0,26/08/2025
227,Luis,Sánchez,luis.sanchez227@example.org,7222241088,Toluca,Estado de México,México,1,28/05/2021
146,Óscar,Martínez,oscar.martinez146@empresa.com,7222823392,Guadalajara,Jalisco,México,1,03/09/2021
319,DANIELA,López,daniela.lopez319@example.org,7229554526,León,Guanajuato,México,1,29/10/2025
269,María,Sánchez,maria.sanchez269@empresa.com,7221329173,Mérida,Yucatán,México,1,15/08/2021
462,Sofía,De la Cruz,sofia.delacruz462@empresa.com,7226219853,Guadalajara,Jalisco,México,1,13/04/2026
82,Lucía,Muñoz,,7228806383,Mérida,Yucatán,México,1,25/09/2022
145,María,Núñez,maria.nunez145@example.org,7223190567,Mérida,Yucatán,México,1,29/12/2025
515,Zoë,Muñoz,zoe.munoz515@empresa.com,7224011788,Tijuana,Baja California,México,1,13/07/2022
339,  laura  ,Ramírez,laura.ramirez339@correo.mx,7222190415,Tijuana,Baja California,México,1,18/04/2021
727,MÓNICA,Ramírez,monica.ramirez727@ventas.net,7226535389,Monterrey,Nuevo León,México,1,28/10/2023
527,ramón,Hernández,ramon.hernandez527@empresa.com,7222537916,Mérida,Yucatán,México,1,27/10/2024
41,Valeria,López,,7225100705,Monterrey,Nuevo León,México,0,15/07/2024
247,Sofía,castillo,sofia.castillo247@empresa.com,7225177878,Puebla,Puebla,México,1,16/03/2025
578,José,  Vargas  ,jose.vargas578@correo.mx,7221957886,Guadalajara,Jalisco,México,1,27/02/2022
175,Valeria,Martínez,valeria.martinez175@correo.mx,7221521369,Mérida,Yucatán,México,1,29/03/2025
656,Renée,De la Cruz,renee.delacruz656@correo.mx,7227838028,Guadalajara,Jalisco,México,1,11/10/2021
774,fernando,  Vargas  ,fernando.vargas774@correo.mx,7228653159,Mérida,Yucatán,México,1,17/03/2026
233,Iñaki,  Vargas  ,inaki.vargas233@example.org,7225196369,León,Guanajuato,México,1,28/06/2022
456,Ana,DÍAZ,ana.diaz456@correo.mx,7228117624,Querétaro,Querétaro,México,1,15/05/2025
11,Sofía,Sánchez,,7227400424,Guadalajara,Jalisco,México,0,27/10/2021
153,Valeria,castillo,valeria.castillo153@example.org,7222228218,León,Guanajuato,México,1,21/10/2022
372,Carlos,Ramírez,carlos.ramirez372@ventas.net,7224072200,Querétaro,Querétaro,México,1,15/08/2022
604,Lucía,Sánchez,lucia.sanchez604@correo.mx,7225932216,Monterrey,Nuevo León,México,1,18/12/2023
88,MÓNICA,Martínez,,7228433644,León,Guanajuato,México,1,20/05/2024
273,Valeria,Martínez,valeria.martinez273@ventas.net,7221098427,León,Guanajuato,México,1,12/04/2025
702,ramón,Pérez,ramon.perez702@ventas.net,7223551745,Guadalajara,Jalisco,México,1,25/09/2025
148,  laura  ,Pérez,laura.perez148@empresa.com,7222980665,Metepec,Estado de México,México,1,30/07/2021
650,Zoë,DÍAZ,zoe.diaz650@correo.mx,7227545470,Puebla,Puebla,México,1,02/02/2022
301,  DANIELA  ,castillo,daniela.castillo301@example.org,7227759029,Monterrey,Nuevo León,México,1,26/05/2022
194,fernando,Hernández,fernando.hernandez194@correo.mx,7224854541,Metepec,Estado de México,México,1,10/08/2023
277,Ana,Hernández,ana.hernandez277@example.org,7229705463,Querétaro,Querétaro,México,1,06/01/2024
26,Ana,López,,7227692407,Tijuana,Baja California,México,0,05/05/2022
509,ramón,castillo,ramon.castillo509@empresa.com,7224082638,Puebla,Puebla,México,1,31/03/2021
680,Zoë,O'Connor,zoe.oconnor680@empresa.com,7227525577,CDMX,Ciudad de México,México,1,19/05/2025
429,Lucía,Sánchez,lucia.sanchez429@empresa.com,7222607731,Metepec,Estado de México,México,1,24/07/2022
859,Zoë,castillo,zoe.castillo859@empresa.com,7225680918,León,Guanajuato,México,1,17/05/2024
441,ramón,Muñoz,ramon.munoz441@correo.mx,7222830052,CDMX,Ciudad de México,México,1,31/05/2022
573,Miguel,Sánchez,miguel.sanchez573@empresa.com,7228589621,Guadalajara,Jalisco,México,1,12/11/2022
391,Lucía,Martínez,lucia.martinez391@correo.mx,7224006426,Metepec,Estado de México,México,1,08/11/2023
560,José,Sánchez,jose.sanchez560@empresa.com,7229493019,Metepec,Estado de México,México,1,23/07/2021
611,MÓNICA,García,monica.garcia611@ventas.net,7228784576,Querétaro,Querétaro,México,1,20/03/2024
630,  laura  ,Núñez,laura.nunez630@correo.mx,7225574800,Querétaro,Querétaro,México,1,13/04/2021
350,Iñaki,Muñoz,inaki.munoz350@empresa.com,7226199481,León,Guanajuato,México,1,25/01/2024
159,Jorge,DÍAZ,jorge.diaz159@empresa.com,7228847033,Toluca,Estado de México,México,1,14/11/2023
530,Valeria,O'Connor,valeria.oconnor530@empresa.com,7222732785,Querétaro,Querétaro,México,1,17/07/2025
723,  laura  ,Ramírez,laura.ramirez723@correo.mx,7223889926,Mérida,Yucatán,México,1,07/04/2023
332,DANIELA,castillo,daniela.castillo332@correo.mx,7221951820,León,Guanajuato,México,1,27/07/2024
195,Sofía,Muñoz,sofia.munoz195@correo.mx,7229435941,Puebla,Puebla,México,1,30/11/2024
83,  ÓSCAR  ,Martínez,,7225343775,Guadalajara,Jalisco,México,1,17/04/2026
125,Sofía,Núñez,sofia.nunez125@correo.mx,7226900011,Querétaro,Querétaro,México,1,02/01/2024
458,Iñaki,Ramírez,inaki.ramirez458@correo.mx,7225201649,CDMX,Ciudad de México,México,1,06/01/2024
320,Luis,Torres,luis.torres320@example.org,7226685629,Puebla,Puebla,México,1,07/07/2024
484,MÓNICA,Ramírez,monica.ramirez484@correo.mx,7222272641,Monterrey,Nuevo León,México,1,10/05/2026
799,Zoë,  Vargas  ,zoe.vargas799@empresa.com,7223442909,León,Guanajuato,México,1,18/02/2022
341,Zoë,castillo,zoe.castillo341@correo.mx,7222662767,Guadalajara,Jalisco,México,1,26/02/2024
328,Iñaki,  Vargas  ,inaki.vargas328@example.org,7221632546,Mérida,Yucatán,México,1,17/05/2025
836,Lucía,  Vargas  ,lucia.vargas836@ventas.net,7227370583,Mérida,Yucatán,México,1,07/03/2025
85,DANIELA,Pérez,,7221239634,Puebla,Puebla,México,1,14/12/2022
267,Miguel,Núñez,miguel.nunez267@correo.mx,7227982125,Querétaro,Querétaro,México,1,23/06/2024
673,  ÁNGEL  ,Hernández,angel.hernandez673@correo.mx,7222584671,Querétaro,Querétaro,México,1,05/07/2024
478,fernando,Pérez,fernando.perez478@ventas.net,7228780674,Querétaro,Querétaro,México,1,11/05/2023
222,DANIELA,García,daniela.garcia222@empresa.com,7228733693,Puebla,Puebla,México,1,20/01/2021
878,DANIELA,Ramírez,daniela.ramirez878@empresa.com,7228512102,Puebla,Puebla,México,1,05/03/2023
504,Iñaki,Hernández,inaki.hernandez504@correo.mx,7222498532,Metepec,Estado de México,México,1,29/09/2025
400,Carlos,Torres,carlos.torres400@correo.mx,7222805604,Guadalajara,Jalisco,México,1,28/02/2025
427,Miguel,Muñoz,miguel.munoz427@example.org,7228487884,Mérida,Yucatán,México,1,24/02/2023
510,Ana,García,ana.garcia510@correo.mx,7226401306,Querétaro,Querétaro,México,1,09/04/2022
839,José,García,jose.garcia839@correo.mx,7223372043,Mérida,Yucatán,México,1,29/10/2023
262,  RAMÓN  ,Ramírez,ramon.ramirez262@correo.mx,7224437641,Mérida,Yucatán,México,1,13/03/2025
275,Ana,De la Cruz,ana.delacruz275@correo.mx,7224319985,León,Guanajuato,México,1,05/06/2021
867,Ángel,Sánchez,angel.sanchez867@ventas.net,7225457834,Metepec,Estado de México,México,1,08/05/2025
209,María,Núñez,maria.nunez209@example.org,7229914605,Tijuana,Baja California,México,1,14/05/2025
862,Ángel,Pérez,angel.perez862@empresa.com,7226903352,Puebla,Puebla,México,1,24/03/2021
696,Luis,López,luis.lopez696@correo.mx,7226593639,León,Guanajuato,México,1,28/05/2025
413,ramón,Ramírez,ramon.ramirez413@ventas.net,7223831755,Toluca,Estado de México,México,1,14/04/2023
411,Zoë,Torres,zoe.torres411@empresa.com,7229524791,Querétaro,Querétaro,México,1,27/08/2021
486,Ángel,Pérez,angel.perez486@empresa.com,7227393819,Toluca,Estado de México,México,1,15/07/2023
850,María,castillo,maria.castillo850@example.org,7221810616,CDMX,Ciudad de México,México,1,21/01/2026
606,Carlos,O'Connor,carlos.oconnor606@correo.mx,7223080711,Metepec,Estado de México,México,1,02/03/2021
21,  laura  ,Sánchez,,7223953434,Mérida,Yucatán,México,0,26/06/2024
771,Ana,  Vargas  ,ana.vargas771@ventas.net,7222488449,Tijuana,Baja California,México,1,16/01/2026
207,MÓNICA,Torres,monica.torres207@ventas.net,7227941531,Tijuana,Baja California,México,1,12/04/2023
77,Luis,García,,7227809956,León,Guanajuato,México,1,22/09/2024
416,  laura  ,De la Cruz,laura.delacruz416@example.org,7229622755,Toluca,Estado de México,México,1,10/08/2025
57,  VALERIA  ,O'Connor,,7226706812,Mérida,Yucatán,México,1,06/05/2026
500,Zoë,López,zoe.lopez500@example.org,7225427313,Monterrey,Nuevo León,México,1,05/02/2022
475,Ana,Ramírez,ana.ramirez475@empresa.com,7223964001,Monterrey,Nuevo León,México,1,27/03/2025
547,Ana,Ramírez,ana.ramirez547@correo.mx,7223753616,Tijuana,Baja California,México,1,06/10/2024
307,Renée,Muñoz,renee.munoz307@correo.mx,7222241371,Mérida,Yucatán,México,1,29/06/2021
10,Ana,López,,7228966174,CDMX,Ciudad de México,México,0,03/04/2025
344,DANIELA,DÍAZ,daniela.diaz344@example.org,7224136180,León,Guanajuato,México,1,06/04/2022
571,Zoë,DÍAZ,zoe.diaz571@empresa.com,7222678440,Monterrey,Nuevo León,México,1,22/08/2024
56,Jorge,Martínez,,7224684474,Monterrey,Nuevo León,México,1,09/10/2025
531,DANIELA,López,daniela.lopez531@ventas.net,7229955415,Monterrey,Nuevo León,México,1,08/05/2026
454,Luis,Sánchez,luis.sanchez454@example.org,7228221439,León,Guanajuato,México,1,15/04/2022
214,Ángel,Núñez,angel.nunez214@empresa.com,7221798391,Mérida,Yucatán,México,1,30/07/2024
155,Iñaki,Pérez,inaki.perez155@ventas.net,7223426874,Tijuana,Baja California,México,1,02/11/2022
558,Óscar,García,oscar.garcia558@example.org,7222386298,Mérida,Yucatán,México,1,09/07/2022
561,ramón,De la Cruz,ramon.delacruz561@correo.mx,7224497992,Monterrey,Nuevo León,México,1,01/09/2021
350,Iñaki,Muñoz,inaki.munoz350@empresa.com,7226199481,León,Guanajuato,México,1,25/01/2024
40,Óscar,Pérez,,7223392183,Monterrey,Nuevo León,México,0,19/04/2025
199,Sofía,Hernández,sofia.hernandez199@correo.mx,7222067028,Querétaro,Querétaro,México,1,26/03/2023
426,María,Hernández,maria.hernandez426@correo.mx,7225557825,Tijuana,Baja California,México,1,12/12/2021
892,DANIELA,DÍAZ,daniela.diaz892@correo.mx,7229321881,Guadalajara,Jalisco,México,1,17/06/2022
356,Carlos,DÍAZ,carlos.diaz356@example.org,7221927956,Tijuana,Baja California,México,1,23/03/2026
129,Ángel,castillo,angel.castillo129@example.org,7225138478,Metepec,Estado de México,México,1,28/09/2021
184,Sofía,  Vargas  ,sofia.vargas184@ventas.net,7226360428,Monterrey,Nuevo León,México,1,27/02/2021
91,Renée,Pérez,,7224670353,Mérida,Yucatán,México,1,27/06/2023
852,ramón,DÍAZ,ramon.diaz852@empresa.com,7228228831,Mérida,Yucatán,México,1,14/10/2021
423,  laura  ,Núñez,laura.nunez423@empresa.com,7222412617,Toluca,Estado de México,México,1,14/02/2025
725,Miguel,DÍAZ,miguel.diaz725@correo.mx,7224263182,Metepec,Estado de México,México,1,28/10/2024
709,fernando,Martínez,fernando.martinez709@empresa.com,7221498559,León,Guanajuato,México,1,20/07/2024
9,MÓNICA,Muñoz,,7222037657,Toluca,Estado de México,México,0,12/10/2022
592,Óscar,Ramírez,oscar.ramirez592@ventas.net,7229672542,León,Guanajuato,México,1,17/04/2024
96,  laura  ,García,,7228173641,Metepec,Estado de México,México,1,24/02/2022
607,Valeria,Sánchez,valeria.sanchez607@example.org,7225420610,Toluca,Estado de México,México,1,02/11/2025
713,DANIELA,López,daniela.lopez713@empresa.com,7221433844,CDMX,Ciudad de México,México,1,13/04/2025
469,Ángel,García,angel.garcia469@ventas.net,7228779062,Metepec,Estado de México,México,1,23/11/2021
857,Ana,castillo,ana.castillo857@example.org,7228325607,Toluca,Estado de México,México,1,17/06/2021
33,Lucía,Sánchez,,7221634802,Tijuana,Baja California,México,0,09/09/2024
704,  MIGUEL  ,castillo,miguel.castillo704@ventas.net,7225778949,Tijuana,Baja California,México,1,01/06/2023
83,Óscar,Martínez,,7225343775,Guadalajara,Jalisco,México,1,17/04/2026
746,fernando,  Vargas  ,fernando.vargas746@example.org,7225842045,Metepec,Estado de México,México,1,12/12/2021
134,Óscar,Torres,oscar.torres134@example.org,7227361462,Monterrey,Nuevo León,México,1,25/09/2023
172,DANIELA,Núñez,daniela.nunez172@ventas.net,7222175274,Mérida,Yucatán,México,1,11/05/2021
543,Carlos,Torres,carlos.torres543@ventas.net,7225028156,Querétaro,Querétaro,México,1,29/03/2024
448,Renée,O'Connor,renee.oconnor448@empresa.com,7225799824,Toluca,Estado de México,México,1,09/05/2025
4,Valeria,García,,7225149877,Guadalajara,Jalisco,México,0,30/07/2025
804,Lucía,Sánchez,lucia.sanchez804@ventas.net,7229128313,Monterrey,Nuevo León,México,1,21/09/2021
81,Lucía,Núñez,,7228077032,Guadalajara,Jalisco,México,1,05/04/2022
68,DANIELA,Ramírez,,7226931842,Querétaro,Querétaro,México,1,20/05/2022
132,José,Sánchez,jose.sanchez132@empresa.com,7227046981,Toluca,Estado de México,México,1,21/05/2022
141,ramón,De la Cruz,ramon.delacruz141@example.org,7226466346,Toluca,Estado de México,México,1,17/11/2024
703,Ángel,Hernández,angel.hernandez703@example.org,7222980065,León,Guanajuato,México,1,16/10/2021
711,María,Hernández,maria.hernandez711@example.org,7222644240,CDMX,Ciudad de México,México,1,31/08/2025
893,José,Martínez,jose.martinez893@example.org,7228095446,Mérida,Yucatán,México,1,28/06/2025
18,Zoë,Núñez,,7221024232,Metepec,Estado de México,México,0,09/08/2025
6,  laura  ,Pérez,,7222403093,Metepec,Estado de México,México,0,28/08/2021
152,Ana,  Vargas  ,ana.vargas152@correo.mx,7222105782,León,Guanajuato,México,1,04/05/2025
732,MÓNICA,Núñez,monica.nunez732@empresa.com,7226490955,CDMX,Ciudad de México,México,1,09/03/2024
847,  laura  ,Martínez,laura.martinez847@correo.mx,7229094721,Querétaro,Querétaro,México,1,03/03/2026
607,Valeria,Sánchez,valeria.sanchez607@example.org,7225420610,Toluca,Estado de México,México,1,02/11/2025
614,MÓNICA,García,monica.garcia614@example.org,7229863454,Tijuana,Baja California,México,1,18/12/2022
59,  MARÍA  ,  Vargas  ,,7223686171,Monterrey,Nuevo León,México,1,17/08/2023
224,Ángel,Núñez,angel.nunez224@correo.mx,7224394702,Tijuana,Baja California,México,1,25/03/2026
719,Óscar,Núñez,oscar.nunez719@ventas.net,7227641423,Puebla,Puebla,México,1,27/10/2024
285,Ana,Martínez,ana.martinez285@empresa.com,7224909612,Puebla,Puebla,México,1,15/02/2023
162,Iñaki,castillo,inaki.castillo162@empresa.com,7221232759,Puebla,Puebla,México,1,27/03/2025
98,  VALERIA  ,Martínez,,7228495581,Puebla,Puebla,México,1,23/07/2025
424,Jorge,Hernández,jorge.hernandez424@correo.mx,7226599148,León,Guanajuato,México,1,13/03/2026
556,Óscar,Pérez,oscar.perez556@correo.mx,7229714509,Tijuana,Baja California,México,1,10/07/2024
521,Lucía,Pérez,lucia.perez521@empresa.com,7227470414,Metepec,Estado de México,México,1,27/06/2025
868,Valeria,Martínez,valeria.martinez868@example.org,7228098490,Guadalajara,Jalisco,México,1,24/05/2026
189,Renée,López,renee.lopez189@correo.mx,7226218480,Querétaro,Querétaro,México,1,30/08/2023
444,DANIELA,  Vargas  ,daniela.vargas444@correo.mx,7221758578,Querétaro,Querétaro,México,1,29/09/2024
287,Valeria,Sánchez,valeria.sanchez287@example.org,7227403357,Monterrey,Nuevo León,México,1,06/10/2023
719,  ÓSCAR  ,Núñez,oscar.nunez719@ventas.net,7227641423,Puebla,Puebla,México,1,27/10/2024
253,Iñaki,castillo,inaki.castillo253@ventas.net,7224881820,CDMX,Ciudad de México,México,1,19/03/2024
817,Renée,Torres,renee.torres817@ventas.net,7224342395,Toluca,Estado de México,México,1,24/12/2022
799,Zoë,  Vargas  ,zoe.vargas799@empresa.com,7223442909,León,Guanajuato,México,1,18/02/2022
191,Lucía,Martínez,lucia.martinez191@empresa.com,7223991247,Guadalajara,Jalisco,México,1,11/03/2024
465,María,O'Connor,maria.oconnor465@empresa.com,7226334156,Mérida,Yucatán,México,1,17/08/2024
722,Luis,De la Cruz,luis.delacruz722@example.org,7229500354,Toluca,Estado de México,México,1,19/04/2022
748,Iñaki,López,inaki.lopez748@ventas.net,7221198975,León,Guanajuato,México,1,28/10/2021
474,ramón,Núñez,ramon.nunez474@example.org,7223808728,CDMX,Ciudad de México,México,1,30/01/2026
607,Valeria,Sánchez,valeria.sanchez607@example.org,7225420610,Toluca,Estado de México,México,1,02/11/2025
183,María,De la Cruz,maria.delacruz183@empresa.com,7225469157,Puebla,Puebla,México,1,02/10/2023
301,DANIELA,castillo,daniela.castillo301@example.org,7227759029,Monterrey,Nuevo León,México,1,26/05/2022
815,Óscar,castillo,oscar.castillo815@ventas.net,7227250404,Metepec,Estado de México,México,1,19/09/2021
820,  laura  ,  Vargas  ,laura.vargas820@example.org,7224401932,Toluca,Estado de México,México,1,25/09/2024
150,Lucía,Torres,lucia.torres150@example.org,7225800833,Monterrey,Nuevo León,México,1,26/02/2024
302,José,Hernández,jose.hernandez302@empresa.com,7227913673,Mérida,Yucatán,México,1,10/11/2025
829,Valeria,Torres,valeria.torres829@example.org,7227505565,Querétaro,Querétaro,México,1,24/01/2023
364,MÓNICA,De la Cruz,monica.delacruz364@empresa.com,7226308208,Toluca,Estado de México,México,1,19/05/2025
589,Ana,López,ana.lopez589@example.org,7221612868,Puebla,Puebla,México,1,05/04/2023
809,Óscar,Ramírez,oscar.ramirez809@example.org,7229604768,León,Guanajuato,México,1,21/05/2024
801,ramón,Muñoz,ramon.munoz801@correo.mx,7222011296,Mérida,Yucatán,México,1,05/04/2024
651,Miguel,  Vargas  ,miguel.vargas651@example.org,7223397458,Toluca,Estado de México,México,1,18/11/2025
533,Valeria,Ramírez,valeria.ramirez533@empresa.com,7225219695,Puebla,Puebla,México,1,30/09/2024
347,Valeria,O'Connor,valeria.oconnor347@empresa.com,7225133066,CDMX,Ciudad de México,México,1,29/09/2023
315,Valeria,López,valeria.lopez315@example.org,7227490897,Tijuana,Baja California,México,1,27/03/2024
677,Iñaki,Núñez,inaki.nunez677@ventas.net,7226147132,Guadalajara,Jalisco,México,1,26/05/2021
740,DANIELA,  Vargas  ,daniela.vargas740@example.org,7221172331,Puebla,Puebla,México,1,11/11/2022
731,Ángel,Ramírez,angel.ramirez731@correo.mx,7227199572,Monterrey,Nuevo León,México,1,08/01/2021
569,Sofía,O'Connor,sofia.oconnor569@correo.mx,7223881621,León,Guanajuato,México,1,31/12/2023
296,Óscar,  Vargas  ,oscar.vargas296@empresa.com,7222387529,CDMX,Ciudad de México,México,1,16/01/2021
387,Carlos,  Vargas  ,carlos.vargas387@correo.mx,7223277717,CDMX,Ciudad de México,México,1,18/07/2022
123,Miguel,Muñoz,miguel.munoz123@correo.mx,7227840197,Tijuana,Baja California,México,1,14/08/2021
72,Iñaki,Pérez,,7223061494,Querétaro,Querétaro,México,1,17/02/2022
28,Iñaki,DÍAZ,,7225728555,Querétaro,Querétaro,México,0,28/10/2025
605,José,Martínez,jose.martinez605@ventas.net,7221202477,Puebla,Puebla,México,1,04/12/2024
106,  CARLOS  ,Hernández,carlos.hernandez106@example.org,7226500267,Querétaro,Querétaro,México,1,12/05/2025
163,María,castillo,maria.castillo163@correo.mx,7224321966,Mérida,Yucatán,México,1,13/11/2021
807,Carlos,Sánchez,carlos.sanchez807@empresa.com,7224101362,Metepec,Estado de México,México,1,30/01/2022
408,MÓNICA,Núñez,monica.nunez408@example.org,7223423055,Querétaro,Querétaro,México,1,30/04/2022
884,Luis,De la Cruz,luis.delacruz884@example.org,7228269378,Puebla,Puebla,México,1,19/12/2023
786,Renée,O'Connor,renee.oconnor786@empresa.com,7222003971,Querétaro,Querétaro,México,1,27/07/2022
563,Luis,Muñoz,luis.munoz563@correo.mx,7221118871,Monterrey,Nuevo León,México,1,19/09/2022
652,Óscar,DÍAZ,oscar.diaz652@correo.mx,7226444593,Puebla,Puebla,México,1,27/09/2023
848,Luis,Pérez,luis.perez848@empresa.com,7221221962,Tijuana,Baja California,México,1,25/03/2025
781,MÓNICA,Ramírez,monica.ramirez781@example.org,7225605065,Puebla,Puebla,México,1,28/02/2022
157,Luis,Sánchez,luis.sanchez157@example.org,7226605346,CDMX,Ciudad de México,México,1,10/03/2022
833,Jorge,  Vargas  ,jorge.vargas833@example.org,7227990728,Metepec,Estado de México,México,1,08/02/2023
439,  laura  ,  Vargas  ,laura.vargas439@example.org,7226493627,Mérida,Yucatán,México,1,07/03/2021
246,Miguel,López,miguel.lopez246@ventas.net,7228697243,León,Guanajuato,México,1,31/08/2023
216,  MIGUEL  ,Martínez,miguel.martinez216@correo.mx,7227268498,Puebla,Puebla,México,1,25/11/2021
138,DANIELA,  Vargas  ,daniela.vargas138@ventas.net,7221457098,Monterrey,Nuevo León,México,1,24/05/2021
757,Carlos,De la Cruz,carlos.delacruz757@correo.mx,7229708603,Tijuana,Baja California,México,1,15/03/2021
821,Renée,Muñoz,renee.munoz821@example.org,7223990616,Metepec,Estado de México,México,1,05/11/2023
117,Valeria,Pérez,valeria.perez117@ventas.net,7226236291,CDMX,Ciudad de México,México,1,25/06/2025
349,José,Muñoz,jose.munoz349@correo.mx,7229311605,Monterrey,Nuevo León,México,1,28/04/2021
601,Óscar,García,oscar.garcia601@correo.mx,7228883905,Tijuana,Baja California,México,1,28/11/2021
299,MÓNICA,castillo,monica.castillo299@correo.mx,7221330123,Guadalajara,Jalisco,México,1,04/03/2026
190,Lucía,De la Cruz,lucia.delacruz190@empresa.com,7226053731,Mérida,Yucatán,México,1,06/01/2025
706,Iñaki,DÍAZ,inaki.diaz706@ventas.net,7223404764,León,Guanajuato,México,1,18/04/2024
43,Iñaki,DÍAZ,,7228366113,Metepec,Estado de México,México,0,28/01/2026
853,Jorge,Martínez,jorge.martinez853@empresa.com,7227997067,Metepec,Estado de México,México,1,06/08/2024
421,ramón,Martínez,ramon.martinez421@empresa.com,7225931563,Metepec,Estado de México,México,1,16/05/2021
741,fernando,O'Connor,fernando.oconnor741@ventas.net,7223485846,Monterrey,Nuevo León,México,1,06/11/2025
34,MÓNICA,De la Cruz,,7226410771,CDMX,Ciudad de México,México,0,11/07/2025
174,Ana,  Vargas  ,ana.vargas174@empresa.com,7221483415,Querétaro,Querétaro,México,1,28/03/2026
437,ramón,Hernández,ramon.hernandez437@empresa.com,7225444258,Querétaro,Querétaro,México,1,06/05/2025
782,fernando,Torres,fernando.torres782@empresa.com,7224604645,León,Guanajuato,México,1,20/11/2025
208,MÓNICA,García,monica.garcia208@example.org,7227118591,Monterrey,Nuevo León,México,1,18/08/2025
630,  laura  ,Núñez,laura.nunez630@correo.mx,7225574800,Querétaro,Querétaro,México,1,13/04/2021
823,ramón,García,ramon.garcia823@ventas.net,7228300182,Puebla,Puebla,México,1,23/07/2025
447,Jorge,Martínez,jorge.martinez447@correo.mx,7226331406,Toluca,Estado de México,México,1,20/07/2021
887,Luis,Pérez,luis.perez887@empresa.com,7223173100,Mérida,Yucatán,México,1,20/07/2024
488,Renée,castillo,renee.castillo488@correo.mx,7227794328,Toluca,Estado de México,México,1,15/05/2026
3,  ÓSCAR  ,  Vargas  ,,7225389452,Monterrey,Nuevo León,México,0,28/05/2025
15,Iñaki,Martínez,,7224777652,Tijuana,Baja California,México,0,29/10/2021
308,Ana,castillo,ana.castillo308@correo.mx,7221078434,León,Guanajuato,México,1,01/09/2021
710,Renée,De la Cruz,renee.delacruz710@correo.mx,7224228846,León,Guanajuato,México,1,19/08/2023
476,  ÁNGEL  ,Torres,angel.torres476@example.org,7229062038,Guadalajara,Jalisco,México,1,02/12/2022
809,Óscar,Ramírez,oscar.ramirez809@example.org,7229604768,León,Guanajuato,México,1,21/05/2024
392,Luis,Muñoz,luis.munoz392@correo.mx,7229483011,Puebla,Puebla,México,1,20/05/2024
467,DANIELA,Hernández,daniela.hernandez467@correo.mx,7223855410,CDMX,Ciudad de México,México,1,30/03/2022
838,Luis,Núñez,luis.nunez838@ventas.net,7227060106,Monterrey,Nuevo León,México,1,22/05/2022
742,Renée,López,renee.lopez742@example.org,7222971181,Metepec,Estado de México,México,1,28/04/2021
394,Lucía,O'Connor,lucia.oconnor394@ventas.net,7228160947,Mérida,Yucatán,México,1,24/06/2025
365,Renée,De la Cruz,renee.delacruz365@example.org,7221009110,Mérida,Yucatán,México,1,20/02/2022
726,Carlos,García,carlos.garcia726@ventas.net,7227559121,Monterrey,Nuevo León,México,1,04/04/2024
470,  ÁNGEL  ,Ramírez,angel.ramirez470@ventas.net,7224354071,León,Guanajuato,México,1,06/09/2025
748,Iñaki,López,inaki.lopez748@ventas.net,7221198975,León,Guanajuato,México,1,28/10/2021
649,Sofía,Martínez,sofia.martinez649@correo.mx,7221087533,Guadalajara,Jalisco,México,1,20/07/2023
142,Carlos,castillo,carlos.castillo142@example.org,7227267586,CDMX,Ciudad de México,México,1,26/11/2023
776,Miguel,Ramírez,miguel.ramirez776@correo.mx,7221307261,CDMX,Ciudad de México,México,1,11/09/2023
333,  laura  ,De la Cruz,laura.delacruz333@correo.mx,7226155694,Monterrey,Nuevo León,México,1,03/10/2023
789,Iñaki,Hernández,inaki.hernandez789@correo.mx,7227609099,León,Guanajuato,México,1,06/12/2025
532,Iñaki,Torres,inaki.torres532@example.org,7221299090,Toluca,Estado de México,México,1,06/04/2024
54,Renée,Ramírez,,7224775421,Guadalajara,Jalisco,México,1,27/01/2023
581,Sofía,Núñez,sofia.nunez581@example.org,7222312686,Toluca,Estado de México,México,1,01/02/2025
317,Zoë,De la Cruz,zoe.delacruz317@empresa.com,7223003623,Mérida,Yucatán,México,1,26/07/2025
868,  VALERIA  ,Martínez,valeria.martinez868@example.org,7228098490,Guadalajara,Jalisco,México,1,24/05/2026
61,  SOFÍA  ,Hernández,,7228459995,Querétaro,Querétaro,México,1,11/03/2023
158,Lucía,Ramírez,lucia.ramirez158@ventas.net,7226774398,Metepec,Estado de México,México,1,12/07/2021
496,Luis,López,luis.lopez496@example.org,7225132667,Guadalajara,Jalisco,México,1,12/10/2025
102,Ángel,Sánchez,angel.sanchez102@example.org,7224462953,Querétaro,Querétaro,México,1,24/04/2023
279,Luis,Sánchez,luis.sanchez279@empresa.com,7226126465,Mérida,Yucatán,México,1,18/07/2022
580,Carlos,  Vargas  ,carlos.vargas580@ventas.net,7227546817,Mérida,Yucatán,México,1,06/03/2024
229,  SOFÍA  ,DÍAZ,sofia.diaz229@example.org,7227790044,Metepec,Estado de México,México,1,14/02/2022
562,María,castillo,maria.castillo562@ventas.net,7224194174,Monterrey,Nuevo León,México,1,28/02/2023
463,  laura  ,García,laura.garcia463@empresa.com,7225254786,Querétaro,Querétaro,México,1,01/01/2021
109,DANIELA,Martínez,daniela.martinez109@empresa.com,7225900953,Toluca,Estado de México,México,1,18/09/2025
888,José,García,jose.garcia888@correo.mx,7227085670,Tijuana,Baja California,México,1,09/05/2024
244,Óscar,Muñoz,oscar.munoz244@example.org,7222667814,Guadalajara,Jalisco,México,1,15/06/2022
254,MÓNICA,De la Cruz,monica.delacruz254@empresa.com,7228342790,Monterrey,Nuevo León,México,1,31/10/2021
313,Renée,De la Cruz,renee.delacruz313@example.org,7224795661,Monterrey,Nuevo León,México,1,12/04/2021
415,Miguel,Pérez,miguel.perez415@correo.mx,7224304814,Monterrey,Nuevo León,México,1,11/03/2022
39,fernando,Muñoz,,7223054449,Puebla,Puebla,México,0,23/12/2024
405,Valeria,O'Connor,valeria.oconnor405@example.org,7224658887,Mérida,Yucatán,México,1,04/10/2023
453,Carlos,Núñez,carlos.nunez453@correo.mx,7226187895,Monterrey,Nuevo León,México,1,22/03/2023
438,Ana,García,ana.garcia438@ventas.net,7221020573,Mérida,Yucatán,México,1,20/03/2022
834,María,  Vargas  ,maria.vargas834@empresa.com,7224625011,CDMX,Ciudad de México,México,1,10/01/2026
800,Sofía,López,sofia.lopez800@example.org,7223425345,Monterrey,Nuevo León,México,1,14/03/2024
818,Miguel,Torres,miguel.torres818@correo.mx,7228767558,Puebla,Puebla,México,1,19/06/2022
235,fernando,Muñoz,fernando.munoz235@ventas.net,7228436387,Querétaro,Querétaro,México,1,23/09/2025
738,MÓNICA,castillo,monica.castillo738@correo.mx,7226913446,Querétaro,Querétaro,México,1,19/04/2023
206,Carlos,Martínez,carlos.martinez206@example.org,7225855862,Metepec,Estado de México,México,1,09/02/2024
84,ramón,Hernández,,7222869188,Toluca,Estado de México,México,1,11/01/2021
461,ramón,García,ramon.garcia461@ventas.net,7229782259,León,Guanajuato,México,1,06/12/2025
362,María,Martínez,maria.martinez362@empresa.com,7227946571,Mérida,Yucatán,México,1,22/01/2024
635,Lucía,Pérez,lucia.perez635@correo.mx,7226806600,Metepec,Estado de México,México,1,06/05/2025
101,Iñaki,O'Connor,inaki.oconnor101@correo.mx,7221892287,Mérida,Yucatán,México,1,12/05/2025
480,Iñaki,DÍAZ,inaki.diaz480@ventas.net,7229375085,Metepec,Estado de México,México,1,04/09/2025
595,DANIELA,Pérez,daniela.perez595@ventas.net,7227058138,Mérida,Yucatán,México,1,27/09/2024
756,Carlos,Hernández,carlos.hernandez756@example.org,7221935315,Querétaro,Querétaro,México,1,29/12/2025
586,Zoë,De la Cruz,zoe.delacruz586@empresa.com,7221892476,Tijuana,Baja California,México,1,09/07/2024
75,fernando,castillo,,7223340166,Tijuana,Baja California,México,1,27/11/2024
493,Jorge,Torres,jorge.torres493@ventas.net,7222319263,León,Guanajuato,México,1,13/09/2021
271,  ÓSCAR  ,Sánchez,oscar.sanchez271@example.org,7225743659,Querétaro,Querétaro,México,1,15/11/2023
103,ramón,O'Connor,ramon.oconnor103@ventas.net,7227430410,Tijuana,Baja California,México,1,28/04/2026
354,Carlos,Ramírez,carlos.ramirez354@correo.mx,7222478881,Mérida,Yucatán,México,1,15/12/2023
634,Valeria,castillo,valeria.castillo634@example.org,7223819999,Guadalajara,Jalisco,México,1,10/09/2021
367,ramón,López,ramon.lopez367@ventas.net,7227831239,Monterrey,Nuevo León,México,1,27/08/2024
468,Sofía,Martínez,sofia.martinez468@example.org,7228240913,Mérida,Yucatán,México,1,02/12/2023
234,Zoë,Muñoz,zoe.munoz234@example.org,7224141683,Monterrey,Nuevo León,México,1,25/07/2022
602,Renée,O'Connor,renee.oconnor602@example.org,7223171161,Toluca,Estado de México,México,1,07/09/2025
670,Iñaki,Martínez,inaki.martinez670@correo.mx,7225091181,Monterrey,Nuevo León,México,1,24/01/2022
763,fernando,Núñez,fernando.nunez763@example.org,7229339859,Puebla,Puebla,México,1,31/07/2022
698,fernando,Torres,fernando.torres698@empresa.com,7223139030,León,Guanajuato,México,1,14/12/2022
64,Iñaki,Muñoz,,7228849517,CDMX,Ciudad de México,México,1,01/10/2025
215,Miguel,Pérez,miguel.perez215@example.org,7229176906,Querétaro,Querétaro,México,1,25/05/2024
550,Lucía,Pérez,lucia.perez550@example.org,7221284195,Querétaro,Querétaro,México,1,19/05/2024
620,fernando,Muñoz,fernando.munoz620@correo.mx,7226773954,Mérida,Yucatán,México,1,04/08/2022
642,Luis,Sánchez,luis.sanchez642@example.org,7222308688,Metepec,Estado de México,México,1,29/03/2021
813,  laura  ,López,laura.lopez813@empresa.com,7225582376,Mérida,Yucatán,México,1,19/03/2023
803,ramón,Pérez,ramon.perez803@empresa.com,7228414731,León,Guanajuato,México,1,20/08/2025
743,Ángel,  Vargas  ,angel.vargas743@correo.mx,7226922253,Monterrey,Nuevo León,México,1,16/02/2022
751,Miguel,O'Connor,miguel.oconnor751@empresa.com,7223420624,Mérida,Yucatán,México,1,15/02/2026
90,ramón,castillo,,7223004960,León,Guanajuato,México,1,31/07/2023
575,Renée,Pérez,renee.perez575@example.org,7225855261,Mérida,Yucatán,México,1,14/10/2025
294,DANIELA,  Vargas  ,daniela.vargas294@correo.mx,7222708272,Toluca,Estado de México,México,1,24/10/2021
646,  laura  ,Sánchez,laura.sanchez646@example.org,7227848410,Metepec,Estado de México,México,1,18/10/2022
298,Iñaki,  Vargas  ,inaki.vargas298@empresa.com,7227611151,CDMX,Ciudad de México,México,1,05/08/2021
140,Carlos,Sánchez,carlos.sanchez140@ventas.net,7222698095,Metepec,Estado de México,México,1,22/04/2021
