25,0,ANA,GARCíA,,MONTERREY,NUEVO LEóN,MéXICO,7226663199,20/05/2025
3,0,ÓSCAR,VARGAS,,MONTERREY,NUEVO LEóN,MéXICO,7225389452,28/05/2025
24,0,SOFíA,PéREZ,,QUERéTARO,QUERéTARO,MéXICO,7222073240,26/05/2026
38,0,DANIELA,MARTíNEZ,,PUEBLA,PUEBLA,MéXICO,7222700016,18/03/2022
16,0,MARíA,MUñOZ,,LEóN,GUANAJUATO,MéXICO,7226231181,14/07/2024
31,0,JOSé,VARGAS,,MONTERREY,NUEVO LEóN,MéXICO,7224315994,09/11/2022
12,0,IñAKI,RAMíREZ,,CDMX,CIUDAD DE MéXICO,MéXICO,7229752774,15/03/2025
22,0,DANIELA,O'CONNOR,,CDMX,CIUDAD DE MéXICO,MéXICO,7229546706,20/06/2025
46,0,FERNANDO,NúñEZ,,PUEBLA,PUEBLA,MéXICO,7227369436,26/03/2023
7,0,ZOë,VARGAS,,TOLUCA,ESTADO DE MéXICO,MéXICO,7227719618,20/11/2022
30,0,SOFíA,RAMíREZ,,MéRIDA,YUCATáN,MéXICO,7221249855,19/03/2022
4,0,VALERIA,GARCíA,,GUADALAJARA,JALISCO,MéXICO,7225149877,30/07/2025
44,0,JOSé,MUñOZ,,GUADALAJARA,JALISCO,MéXICO,7226233479,06/08/2025
45,0,LUIS,SáNCHEZ,,GUADALAJARA,JALISCO,MéXICO,7224731768,05/03/2024
20,0,CARLOS,SáNCHEZ,,QUERéTARO,QUERéTARO,MéXICO,7221122694,11/10/2024
19,0,LUCíA,DÍAZ,,METEPEC,ESTADO DE MéXICO,MéXICO,7222271483,01/03/2026
27,0,JOSé,LóPEZ,,MéRIDA,YUCATáN,MéXICO,7223333284,13/12/2021
32,0,LUIS,NúñEZ,,TOLUCA,ESTADO DE MéXICO,MéXICO,7229974339,05/10/2022
42,0,RAMóN,DE LA CRUZ,,CDMX,CIUDAD DE MéXICO,MéXICO,7226223750,03/09/2025
1,0,MÓNICA,TORRES,,TOLUCA,ESTADO DE MéXICO,MéXICO,7225026779,14/02/2025
2,0,DANIELA,NúñEZ,,QUERéTARO,QUERéTARO,MéXICO,7228394987,22/03/2024
8,0,ÓSCAR,DÍAZ,,MéRIDA,YUCATáN,MéXICO,7225253824,23/07/2023
37,0,FERNANDO,MARTíNEZ,,GUADALAJARA,JALISCO,MéXICO,7223797542,16/02/2026
50,0,JORGE,MUñOZ,,QUERéTARO,QUERéTARO,MéXICO,7225652090,02/10/2022
48,0,ZOë,MARTíNEZ,,PUEBLA,PUEBLA,MéXICO,7221194819,26/04/2025
47,0,ÁNGEL,HERNáNDEZ,,CDMX,CIUDAD DE MéXICO,MéXICO,7225323872,17/08/2025
23,0,JOSé,HERNáNDEZ,,LEóN,GUANAJUATO,MéXICO,7221208822,19/04/2021
35,0,VALERIA,LóPEZ,,TIJUANA,BAJA CALIFORNIA,MéXICO,7224935620,20/01/2021
2,0,DANIELA,NúñEZ,,QUERéTARO,QUERéTARO,MéXICO,7228394987,22/03/2024
10,0,ANA,LóPEZ,,CDMX,CIUDAD DE MéXICO,MéXICO,7228966174,03/04/2025
49,0,RAMóN,VARGAS,,TIJUANA,BAJA CALIFORNIA,MéXICO,7225260102,23/05/2023
13,0,JORGE,O'CONNOR,,MONTERREY,NUEVO LEóN,MéXICO,7223562914,03/09/2023
29,0,DANIELA,LóPEZ,,CDMX,CIUDAD DE MéXICO,MéXICO,7227892659,25/03/2026
5,0,MIGUEL,PéREZ,,CDMX,CIUDAD DE MéXICO,MéXICO,7221724554,17/01/2023
42,0,RAMóN,DE LA CRUZ,,CDMX,CIUDAD DE MéXICO,MéXICO,7226223750,03/09/2025
36,0,RAMóN,NúñEZ,,QUERéTARO,QUERéTARO,MéXICO,7221686102,25/01/2025
17,0,FERNANDO,TORRES,,METEPEC,ESTADO DE MéXICO,MéXICO,7221143929,28/02/2026
14,0,RENéE,DÍAZ,,TIJUANA,BAJA CALIFORNIA,MéXICO,7226069893,26/08/2025
41,0,VALERIA,LóPEZ,,MONTERREY,NUEVO LEóN,MéXICO,7225100705,15/07/2024
11,0,SOFíA,SáNCHEZ,,GUADALAJARA,JALISCO,MéXICO,7227400424,27/10/2021
26,0,ANA,LóPEZ,,TIJUANA,BAJA CALIFORNIA,MéXICO,7227692407,05/05/2022
21,0,LAURA,SáNCHEZ,,MéRIDA,YUCATáN,MéXICO,7223953434,26/06/2024
10,0,ANA,LóPEZ,,CDMX,CIUDAD DE MéXICO,MéXICO,7228966174,03/04/2025
40,0,ÓSCAR,PéREZ,,MONTERREY,NUEVO LEóN,MéXICO,7223392183,19/04/2025
9,0,MÓNICA,MUñOZ,,TOLUCA,ESTADO DE MéXICO,MéXICO,7222037657,12/10/2022
33,0,LUCíA,SáNCHEZ,,TIJUANA,BAJA CALIFORNIA,MéXICO,7221634802,09/09/2024
4,0,VALERIA,GARCíA,,GUADALAJARA,JALISCO,MéXICO,7225149877,30/07/2025
18,0,ZOë,NúñEZ,,METEPEC,ESTADO DE MéXICO,MéXICO,7221024232,09/08/2025
6,0,LAURA,PéREZ,,METEPEC,ESTADO DE MéXICO,MéXICO,7222403093,28/08/2021
28,0,IñAKI,DÍAZ,,QUERéTARO,QUERéTARO,MéXICO,7225728555,28/10/2025
43,0,IñAKI,DÍAZ,,METEPEC,ESTADO DE MéXICO,MéXICO,7228366113,28/01/2026
34,0,MÓNICA,DE LA CRUZ,,CDMX,CIUDAD DE MéXICO,MéXICO,7226410771,11/07/2025
3,0,ÓSCAR,VARGAS,,MONTERREY,NUEVO LEóN,MéXICO,7225389452,28/05/2025
15,0,IñAKI,MARTíNEZ,,TIJUANA,BAJA CALIFORNIA,MéXICO,7224777652,29/10/2021
39,0,FERNANDO,MUñOZ,,PUEBLA,PUEBLA,MéXICO,7223054449,23/12/2024
